date,symbol,security_name,industry,close_price,index_mcap_rs_crores,weightage_pct,source_month,source_file,weight_observation_type
2023-01-31,AUBANK,AU Small Finance Bank Ltd.,Financial Services,618.9,54676,2.49,2023-01-01,NIFTY_Bank_Jan2023.pdf,MONTH_END
2023-01-31,AXISBANK,Axis Bank Ltd.,Financial Services,871.6,220054,10.01,2023-01-01,NIFTY_Bank_Jan2023.pdf,MONTH_END
2023-01-31,BANDHANBNK,Bandhan Bank Ltd.,Financial Services,244.2,34039,1.55,2023-01-01,NIFTY_Bank_Jan2023.pdf,MONTH_END
2023-01-31,BANKBARODA,Bank of Baroda,Financial Services,167.85,57532,2.62,2023-01-01,NIFTY_Bank_Jan2023.pdf,MONTH_END
2023-01-31,FEDERALBNK,Federal Bank Ltd.,Financial Services,134.45,52359,2.38,2023-01-01,NIFTY_Bank_Jan2023.pdf,MONTH_END
2023-01-31,HDFCBANK,HDFC Bank Ltd.,Financial Services,1603.5,629870,28.66,2023-01-01,NIFTY_Bank_Jan2023.pdf,MONTH_END
2023-01-31,ICICIBANK,ICICI Bank Ltd.,Financial Services,831.9,517460,23.54,2023-01-01,NIFTY_Bank_Jan2023.pdf,MONTH_END
2023-01-31,IDFCFIRSTB,IDFC First Bank Ltd.,Financial Services,58.2,32731,1.49,2023-01-01,NIFTY_Bank_Jan2023.pdf,MONTH_END
2023-01-31,INDUSINDBK,IndusInd Bank Ltd.,Financial Services,1082.95,129869,5.91,2023-01-01,NIFTY_Bank_Jan2023.pdf,MONTH_END
2023-01-31,KOTAKBANK,Kotak Mahindra Bank Ltd.,Financial Services,1731.0,223733,10.18,2023-01-01,NIFTY_Bank_Jan2023.pdf,MONTH_END
2023-01-31,PNB,Punjab National Bank,Financial Services,53.55,29311,1.33,2023-01-01,NIFTY_Bank_Jan2023.pdf,MONTH_END
2023-01-31,SBIN,State Bank of India,Financial Services,553.5,216428,9.85,2023-01-01,NIFTY_Bank_Jan2023.pdf,MONTH_END
2023-02-28,AUBANK,AU Small Finance Bank Ltd.,Financial Services,592.9,52379,2.41,2023-02-01,NIFTY_Bank_Feb2023.pdf,MONTH_END
2023-02-28,AXISBANK,Axis Bank Ltd.,Financial Services,844.1,213111,9.79,2023-02-01,NIFTY_Bank_Feb2023.pdf,MONTH_END
2023-02-28,BANDHANBNK,Bandhan Bank Ltd.,Financial Services,230.9,32185,1.48,2023-02-01,NIFTY_Bank_Feb2023.pdf,MONTH_END
2023-02-28,BANKBARODA,Bank of Baroda,Financial Services,159.0,54499,2.5,2023-02-01,NIFTY_Bank_Feb2023.pdf,MONTH_END
2023-02-28,FEDERALBNK,Federal Bank Ltd.,Financial Services,129.15,50295,2.31,2023-02-01,NIFTY_Bank_Feb2023.pdf,MONTH_END
2023-02-28,HDFCBANK,HDFC Bank Ltd.,Financial Services,1599.6,628338,28.86,2023-02-01,NIFTY_Bank_Feb2023.pdf,MONTH_END
2023-02-28,ICICIBANK,ICICI Bank Ltd.,Financial Services,854.85,531735,24.42,2023-02-01,NIFTY_Bank_Feb2023.pdf,MONTH_END
2023-02-28,IDFCFIRSTB,IDFC First Bank Ltd.,Financial Services,55.15,31016,1.42,2023-02-01,NIFTY_Bank_Feb2023.pdf,MONTH_END
2023-02-28,INDUSINDBK,IndusInd Bank Ltd.,Financial Services,1077.7,129239,5.94,2023-02-01,NIFTY_Bank_Feb2023.pdf,MONTH_END
2023-02-28,KOTAKBANK,Kotak Mahindra Bank Ltd.,Financial Services,1729.25,223507,10.27,2023-02-01,NIFTY_Bank_Feb2023.pdf,MONTH_END
2023-02-28,PNB,Punjab National Bank,Financial Services,48.35,26465,1.22,2023-02-01,NIFTY_Bank_Feb2023.pdf,MONTH_END
2023-02-28,SBIN,State Bank of India,Financial Services,522.8,204424,9.39,2023-02-01,NIFTY_Bank_Feb2023.pdf,MONTH_END
2023-03-31,AUBANK,AU Small Finance Bank Ltd.,Financial Services,579.2,54571,2.46,2023-03-01,NIFTY_Bank_Mar2023.pdf,REBALANCE_EFFECTIVE
2023-03-31,AXISBANK,Axis Bank Ltd.,Financial Services,858.5,224651,10.13,2023-03-01,NIFTY_Bank_Mar2023.pdf,REBALANCE_EFFECTIVE
2023-03-31,BANDHANBNK,Bandhan Bank Ltd.,Financial Services,195.75,28470,1.28,2023-03-01,NIFTY_Bank_Mar2023.pdf,REBALANCE_EFFECTIVE
2023-03-31,BANKBARODA,Bank of Baroda,Financial Services,168.85,61701,2.78,2023-03-01,NIFTY_Bank_Mar2023.pdf,REBALANCE_EFFECTIVE
2023-03-31,FEDERALBNK,Federal Bank Ltd.,Financial Services,132.3,54979,2.48,2023-03-01,NIFTY_Bank_Mar2023.pdf,REBALANCE_EFFECTIVE
2023-03-31,HDFCBANK,HDFC Bank Ltd.,Financial Services,1609.55,617226,27.84,2023-03-01,NIFTY_Bank_Mar2023.pdf,REBALANCE_EFFECTIVE
2023-03-31,ICICIBANK,ICICI Bank Ltd.,Financial Services,877.25,532835,24.03,2023-03-01,NIFTY_Bank_Mar2023.pdf,REBALANCE_EFFECTIVE
2023-03-31,IDFCFIRSTB,IDFC First Bank Ltd.,Financial Services,55.05,33712,1.52,2023-03-01,NIFTY_Bank_Mar2023.pdf,REBALANCE_EFFECTIVE
2023-03-31,INDUSINDBK,IndusInd Bank Ltd.,Financial Services,1067.95,136614,6.16,2023-03-01,NIFTY_Bank_Mar2023.pdf,REBALANCE_EFFECTIVE
2023-03-31,KOTAKBANK,Kotak Mahindra Bank Ltd.,Financial Services,1732.85,221606,9.99,2023-03-01,NIFTY_Bank_Mar2023.pdf,REBALANCE_EFFECTIVE
2023-03-31,PNB,Punjab National Bank,Financial Services,46.6,27193,1.23,2023-03-01,NIFTY_Bank_Mar2023.pdf,REBALANCE_EFFECTIVE
2023-03-31,SBIN,State Bank of India,Financial Services,523.75,223883,10.1,2023-03-01,NIFTY_Bank_Mar2023.pdf,REBALANCE_EFFECTIVE
2023-04-28,AUBANK,AU Small Finance Bank Ltd.,Financial Services,663.85,62546,2.65,2023-04-01,NIFTY_Bank_Apr2023.pdf,MONTH_END
2023-04-28,AXISBANK,Axis Bank Ltd.,Financial Services,860.0,225043,9.53,2023-04-01,NIFTY_Bank_Apr2023.pdf,MONTH_END
2023-04-28,BANDHANBNK,Bandhan Bank Ltd.,Financial Services,229.3,33350,1.41,2023-04-01,NIFTY_Bank_Apr2023.pdf,MONTH_END
2023-04-28,BANKBARODA,Bank of Baroda,Financial Services,187.75,68607,2.91,2023-04-01,NIFTY_Bank_Apr2023.pdf,MONTH_END
2023-04-28,FEDERALBNK,Federal Bank Ltd.,Financial Services,134.95,56080,2.38,2023-04-01,NIFTY_Bank_Apr2023.pdf,MONTH_END
2023-04-28,HDFCBANK,HDFC Bank Ltd.,Financial Services,1687.6,647157,27.41,2023-04-01,NIFTY_Bank_Apr2023.pdf,MONTH_END
2023-04-28,ICICIBANK,ICICI Bank Ltd.,Financial Services,917.65,557373,23.61,2023-04-01,NIFTY_Bank_Apr2023.pdf,MONTH_END
2023-04-28,IDFCFIRSTB,IDFC First Bank Ltd.,Financial Services,61.45,37518,1.59,2023-04-01,NIFTY_Bank_Apr2023.pdf,MONTH_END
2023-04-28,INDUSINDBK,IndusInd Bank Ltd.,Financial Services,1152.8,147468,6.25,2023-04-01,NIFTY_Bank_Apr2023.pdf,MONTH_END
2023-04-28,KOTAKBANK,Kotak Mahindra Bank Ltd.,Financial Services,1938.05,247848,10.5,2023-04-01,NIFTY_Bank_Apr2023.pdf,MONTH_END
2023-04-28,PNB,Punjab National Bank,Financial Services,52.25,30490,1.29,2023-04-01,NIFTY_Bank_Apr2023.pdf,MONTH_END
2023-04-28,SBIN,State Bank of India,Financial Services,578.3,247201,10.47,2023-04-01,NIFTY_Bank_Apr2023.pdf,MONTH_END
2023-05-31,AUBANK,AU Small Finance Bank Ltd.,Financial Services,776.9,73198,3.04,2023-05-01,NIFTY_Bank_May2023.pdf,MONTH_END
2023-05-31,AXISBANK,Axis Bank Ltd.,Financial Services,914.85,239396,9.94,2023-05-01,NIFTY_Bank_May2023.pdf,MONTH_END
2023-05-31,BANDHANBNK,Bandhan Bank Ltd.,Financial Services,268.0,38979,1.62,2023-05-01,NIFTY_Bank_May2023.pdf,MONTH_END
2023-05-31,BANKBARODA,Bank of Baroda,Financial Services,185.0,67602,2.81,2023-05-01,NIFTY_Bank_May2023.pdf,MONTH_END
2023-05-31,FEDERALBNK,Federal Bank Ltd.,Financial Services,125.25,52049,2.16,2023-05-01,NIFTY_Bank_May2023.pdf,MONTH_END
2023-05-31,HDFCBANK,HDFC Bank Ltd.,Financial Services,1610.85,617725,25.64,2023-05-01,NIFTY_Bank_May2023.pdf,MONTH_END
2023-05-31,ICICIBANK,ICICI Bank Ltd.,Financial Services,949.15,576506,23.93,2023-05-01,NIFTY_Bank_May2023.pdf,MONTH_END
2023-05-31,IDFCFIRSTB,IDFC First Bank Ltd.,Financial Services,71.65,43745,1.82,2023-05-01,NIFTY_Bank_May2023.pdf,MONTH_END
2023-05-31,INDUSINDBK,IndusInd Bank Ltd.,Financial Services,1286.6,164584,6.83,2023-05-01,NIFTY_Bank_May2023.pdf,MONTH_END
2023-05-31,KOTAKBANK,Kotak Mahindra Bank Ltd.,Financial Services,2014.35,257605,10.69,2023-05-01,NIFTY_Bank_May2023.pdf,MONTH_END
2023-05-31,PNB,Punjab National Bank,Financial Services,51.85,30257,1.26,2023-05-01,NIFTY_Bank_May2023.pdf,MONTH_END
2023-05-31,SBIN,State Bank of India,Financial Services,579.85,247864,10.29,2023-05-01,NIFTY_Bank_May2023.pdf,MONTH_END
2023-06-30,AUBANK,AU Small Finance Bank Ltd.,Financial Services,753.65,63129,2.61,2023-06-01,NIFTY_Bank_Jun2023.pdf,MONTH_END
2023-06-30,AXISBANK,Axis Bank Ltd.,Financial Services,987.45,245458,10.17,2023-06-01,NIFTY_Bank_Jun2023.pdf,MONTH_END
2023-06-30,BANDHANBNK,Bandhan Bank Ltd.,Financial Services,242.05,31287,1.3,2023-06-01,NIFTY_Bank_Jun2023.pdf,MONTH_END
2023-06-30,BANKBARODA,Bank of Baroda,Financial Services,190.35,61817,2.56,2023-06-01,NIFTY_Bank_Jun2023.pdf,MONTH_END
2023-06-30,FEDERALBNK,Federal Bank Ltd.,Financial Services,126.15,46627,1.93,2023-06-01,NIFTY_Bank_Jun2023.pdf,MONTH_END
2023-06-30,HDFCBANK,HDFC Bank Ltd.,Financial Services,1701.4,669650,27.74,2023-06-01,NIFTY_Bank_Jun2023.pdf,MONTH_END
2023-06-30,ICICIBANK,ICICI Bank Ltd.,Financial Services,934.6,582532,24.13,2023-06-01,NIFTY_Bank_Jun2023.pdf,MONTH_END
2023-06-30,IDFCFIRSTB,IDFC First Bank Ltd.,Financial Services,79.4,43130,1.79,2023-06-01,NIFTY_Bank_Jun2023.pdf,MONTH_END
2023-06-30,INDUSINDBK,IndusInd Bank Ltd.,Financial Services,1374.65,156312,6.47,2023-06-01,NIFTY_Bank_Jun2023.pdf,MONTH_END
2023-06-30,KOTAKBANK,Kotak Mahindra Bank Ltd.,Financial Services,1846.55,241863,10.02,2023-06-01,NIFTY_Bank_Jun2023.pdf,MONTH_END
2023-06-30,PNB,Punjab National Bank,Financial Services,51.65,26786,1.11,2023-06-01,NIFTY_Bank_Jun2023.pdf,MONTH_END
2023-06-30,SBIN,State Bank of India,Financial Services,572.85,245544,10.17,2023-06-01,NIFTY_Bank_Jun2023.pdf,MONTH_END
2023-07-31,AUBANK,AU Small Finance Bank Ltd.,Financial Services,729.85,76092,2.56,2023-07-01,NIFTY_Bank_Jul2023.pdf,MONTH_END
2023-07-31,AXISBANK,Axis Bank Ltd.,Financial Services,953.9,278134,9.35,2023-07-01,NIFTY_Bank_Jul2023.pdf,MONTH_END
2023-07-31,BANDHANBNK,Bandhan Bank Ltd.,Financial Services,223.4,35941,1.21,2023-07-01,NIFTY_Bank_Jul2023.pdf,MONTH_END
2023-07-31,BANKBARODA,Bank of Baroda,Financial Services,202.2,81730,2.75,2023-07-01,NIFTY_Bank_Jul2023.pdf,MONTH_END
2023-07-31,FEDERALBNK,Federal Bank Ltd.,Financial Services,135.65,69200,2.33,2023-07-01,NIFTY_Bank_Jul2023.pdf,MONTH_END
2023-07-31,HDFCBANK,HDFC Bank Ltd.,Financial Services,1651.2,845412,28.42,2023-07-01,NIFTY_Bank_Jul2023.pdf,MONTH_END
2023-07-31,ICICIBANK,ICICI Bank Ltd.,Financial Services,998.3,715281,24.04,2023-07-01,NIFTY_Bank_Jul2023.pdf,MONTH_END
2023-07-31,IDFCFIRSTB,IDFC First Bank Ltd.,Financial Services,87.2,58955,1.98,2023-07-01,NIFTY_Bank_Jul2023.pdf,MONTH_END
2023-07-31,INDUSINDBK,IndusInd Bank Ltd.,Financial Services,1417.75,200652,6.74,2023-07-01,NIFTY_Bank_Jul2023.pdf,MONTH_END
2023-07-31,KOTAKBANK,Kotak Mahindra Bank Ltd.,Financial Services,1856.55,279535,9.4,2023-07-01,NIFTY_Bank_Jul2023.pdf,MONTH_END
2023-07-31,PNB,Punjab National Bank,Financial Services,61.85,39923,1.34,2023-07-01,NIFTY_Bank_Jul2023.pdf,MONTH_END
2023-07-31,SBIN,State Bank of India,Financial Services,620.2,294185,9.89,2023-07-01,NIFTY_Bank_Jul2023.pdf,MONTH_END
2023-08-31,AUBANK,AU Small Finance Bank Ltd.,Financial Services,723.55,75435,2.63,2023-08-01,NIFTY_Bank_Aug2023.pdf,MONTH_END
2023-08-31,AXISBANK,Axis Bank Ltd.,Financial Services,973.5,283849,9.9,2023-08-01,NIFTY_Bank_Aug2023.pdf,MONTH_END
2023-08-31,BANDHANBNK,Bandhan Bank Ltd.,Financial Services,229.6,36938,1.29,2023-08-01,NIFTY_Bank_Aug2023.pdf,MONTH_END
2023-08-31,BANKBARODA,Bank of Baroda,Financial Services,187.15,75646,2.64,2023-08-01,NIFTY_Bank_Aug2023.pdf,MONTH_END
2023-08-31,FEDERALBNK,Federal Bank Ltd.,Financial Services,143.95,73435,2.56,2023-08-01,NIFTY_Bank_Aug2023.pdf,MONTH_END
2023-08-31,HDFCBANK,HDFC Bank Ltd.,Financial Services,1571.45,804580,28.07,2023-08-01,NIFTY_Bank_Aug2023.pdf,MONTH_END
2023-08-31,ICICIBANK,ICICI Bank Ltd.,Financial Services,958.75,686943,23.96,2023-08-01,NIFTY_Bank_Aug2023.pdf,MONTH_END
2023-08-31,IDFCFIRSTB,IDFC First Bank Ltd.,Financial Services,93.35,63113,2.2,2023-08-01,NIFTY_Bank_Aug2023.pdf,MONTH_END
2023-08-31,INDUSINDBK,IndusInd Bank Ltd.,Financial Services,1378.15,195048,6.8,2023-08-01,NIFTY_Bank_Aug2023.pdf,MONTH_END
2023-08-31,KOTAKBANK,Kotak Mahindra Bank Ltd.,Financial Services,1758.75,264810,9.24,2023-08-01,NIFTY_Bank_Aug2023.pdf,MONTH_END
2023-08-31,PNB,Punjab National Bank,Financial Services,63.0,40665,1.42,2023-08-01,NIFTY_Bank_Aug2023.pdf,MONTH_END
2023-08-31,SBIN,State Bank of India,Financial Services,561.35,266270,9.29,2023-08-01,NIFTY_Bank_Aug2023.pdf,MONTH_END
2023-09-29,AUBANK,AU Small Finance Bank Ltd.,Financial Services,713.5,65820,2.3,2023-09-01,NIFTY_Bank_Sep2023.pdf,REBALANCE_EFFECTIVE
2023-09-29,AXISBANK,Axis Bank Ltd.,Financial Services,1036.7,285523,9.98,2023-09-01,NIFTY_Bank_Sep2023.pdf,REBALANCE_EFFECTIVE
2023-09-29,BANDHANBNK,Bandhan Bank Ltd.,Financial Services,251.6,35759,1.25,2023-09-01,NIFTY_Bank_Sep2023.pdf,REBALANCE_EFFECTIVE
2023-09-29,BANKBARODA,Bank of Baroda,Financial Services,213.95,76396,2.67,2023-09-01,NIFTY_Bank_Sep2023.pdf,REBALANCE_EFFECTIVE
2023-09-29,FEDERALBNK,Federal Bank Ltd.,Financial Services,147.2,66385,2.32,2023-09-01,NIFTY_Bank_Sep2023.pdf,REBALANCE_EFFECTIVE
2023-09-29,HDFCBANK,HDFC Bank Ltd.,Financial Services,1526.3,829840,29.01,2023-09-01,NIFTY_Bank_Sep2023.pdf,REBALANCE_EFFECTIVE
2023-09-29,ICICIBANK,ICICI Bank Ltd.,Financial Services,951.9,662006,23.14,2023-09-01,NIFTY_Bank_Sep2023.pdf,REBALANCE_EFFECTIVE
2023-09-29,IDFCFIRSTB,IDFC First Bank Ltd.,Financial Services,95.5,57874,2.02,2023-09-01,NIFTY_Bank_Sep2023.pdf,REBALANCE_EFFECTIVE
2023-09-29,INDUSINDBK,IndusInd Bank Ltd.,Financial Services,1428.85,178858,6.25,2023-09-01,NIFTY_Bank_Sep2023.pdf,REBALANCE_EFFECTIVE
2023-09-29,KOTAKBANK,Kotak Mahindra Bank Ltd.,Financial Services,1735.7,274816,9.61,2023-09-01,NIFTY_Bank_Sep2023.pdf,REBALANCE_EFFECTIVE
2023-09-29,PNB,Punjab National Bank,Financial Services,80.2,45732,1.6,2023-09-01,NIFTY_Bank_Sep2023.pdf,REBALANCE_EFFECTIVE
2023-09-29,SBIN,State Bank of India,Financial Services,598.55,281263,9.83,2023-09-01,NIFTY_Bank_Sep2023.pdf,REBALANCE_EFFECTIVE
2023-10-31,AUBANK,AU Small Finance Bank Ltd.,Financial Services,669.1,61724,2.25,2023-10-01,NIFTY_Bank_Oct2023.pdf,MONTH_END
2023-10-31,AXISBANK,Axis Bank Ltd.,Financial Services,981.85,270417,9.84,2023-10-01,NIFTY_Bank_Oct2023.pdf,MONTH_END
2023-10-31,BANDHANBNK,Bandhan Bank Ltd.,Financial Services,214.15,30437,1.11,2023-10-01,NIFTY_Bank_Oct2023.pdf,MONTH_END
2023-10-31,BANKBARODA,Bank of Baroda,Financial Services,196.2,70058,2.55,2023-10-01,NIFTY_Bank_Oct2023.pdf,MONTH_END
2023-10-31,FEDERALBNK,Federal Bank Ltd.,Financial Services,140.65,63432,2.31,2023-10-01,NIFTY_Bank_Oct2023.pdf,MONTH_END
2023-10-31,HDFCBANK,HDFC Bank Ltd.,Financial Services,1476.5,802764,29.2,2023-10-01,NIFTY_Bank_Oct2023.pdf,MONTH_END
2023-10-31,ICICIBANK,ICICI Bank Ltd.,Financial Services,915.35,636587,23.16,2023-10-01,NIFTY_Bank_Oct2023.pdf,MONTH_END
2023-10-31,IDFCFIRSTB,IDFC First Bank Ltd.,Financial Services,82.7,50117,1.82,2023-10-01,NIFTY_Bank_Oct2023.pdf,MONTH_END
2023-10-31,INDUSINDBK,IndusInd Bank Ltd.,Financial Services,1441.3,180417,6.56,2023-10-01,NIFTY_Bank_Oct2023.pdf,MONTH_END
2023-10-31,KOTAKBANK,Kotak Mahindra Bank Ltd.,Financial Services,1739.4,275402,10.02,2023-10-01,NIFTY_Bank_Oct2023.pdf,MONTH_END
2023-10-31,PNB,Punjab National Bank,Financial Services,73.0,41626,1.51,2023-10-01,NIFTY_Bank_Oct2023.pdf,MONTH_END
2023-10-31,SBIN,State Bank of India,Financial Services,565.55,265756,9.67,2023-10-01,NIFTY_Bank_Oct2023.pdf,MONTH_END
2023-11-30,AUBANK,AU Small Finance Bank Ltd.,Financial Services,741.4,68393,2.4,2023-11-01,NIFTY_Bank_Nov2023.pdf,MONTH_END
2023-11-30,AXISBANK,Axis Bank Ltd.,Financial Services,1074.25,295865,10.37,2023-11-01,NIFTY_Bank_Nov2023.pdf,MONTH_END
2023-11-30,BANDHANBNK,Bandhan Bank Ltd.,Financial Services,226.1,32135,1.13,2023-11-01,NIFTY_Bank_Nov2023.pdf,MONTH_END
2023-11-30,BANKBARODA,Bank of Baroda,Financial Services,197.1,70379,2.47,2023-11-01,NIFTY_Bank_Nov2023.pdf,MONTH_END
2023-11-30,FEDERALBNK,Federal Bank Ltd.,Financial Services,147.35,66453,2.33,2023-11-01,NIFTY_Bank_Nov2023.pdf,MONTH_END
2023-11-30,HDFCBANK,HDFC Bank Ltd.,Financial Services,1558.8,847510,29.7,2023-11-01,NIFTY_Bank_Nov2023.pdf,MONTH_END
2023-11-30,ICICIBANK,ICICI Bank Ltd.,Financial Services,934.95,650218,22.79,2023-11-01,NIFTY_Bank_Nov2023.pdf,MONTH_END
2023-11-30,IDFCFIRSTB,IDFC First Bank Ltd.,Financial Services,85.2,51632,1.81,2023-11-01,NIFTY_Bank_Nov2023.pdf,MONTH_END
2023-11-30,INDUSINDBK,IndusInd Bank Ltd.,Financial Services,1466.1,183521,6.43,2023-11-01,NIFTY_Bank_Nov2023.pdf,MONTH_END
2023-11-30,KOTAKBANK,Kotak Mahindra Bank Ltd.,Financial Services,1755.45,277943,9.74,2023-11-01,NIFTY_Bank_Nov2023.pdf,MONTH_END
2023-11-30,PNB,Punjab National Bank,Financial Services,77.6,44249,1.55,2023-11-01,NIFTY_Bank_Nov2023.pdf,MONTH_END
2023-11-30,SBIN,State Bank of India,Financial Services,564.75,265380,9.3,2023-11-01,NIFTY_Bank_Nov2023.pdf,MONTH_END
2023-12-29,AUBANK,AU Small Finance Bank Ltd.,Financial Services,787.4,71895,2.3,2023-12-01,NIFTY_Bank_Dec2023.pdf,MONTH_END
2023-12-29,AXISBANK,Axis Bank Ltd.,Financial Services,1102.3,308194,9.88,2023-12-01,NIFTY_Bank_Dec2023.pdf,MONTH_END
2023-12-29,BANDHANBNK,Bandhan Bank Ltd.,Financial Services,241.4,34666,1.11,2023-12-01,NIFTY_Bank_Dec2023.pdf,MONTH_END
2023-12-29,BANKBARODA,Bank of Baroda,Financial Services,231.1,81603,2.62,2023-12-01,NIFTY_Bank_Dec2023.pdf,MONTH_END
2023-12-29,FEDERALBNK,Federal Bank Ltd.,Financial Services,156.15,66327,2.13,2023-12-01,NIFTY_Bank_Dec2023.pdf,MONTH_END
2023-12-29,HDFCBANK,HDFC Bank Ltd.,Financial Services,1709.25,917047,29.39,2023-12-01,NIFTY_Bank_Dec2023.pdf,MONTH_END
2023-12-29,ICICIBANK,ICICI Bank Ltd.,Financial Services,996.6,704210,22.57,2023-12-01,NIFTY_Bank_Dec2023.pdf,MONTH_END
2023-12-29,IDFCFIRSTB,IDFC First Bank Ltd.,Financial Services,88.9,64298,2.06,2023-12-01,NIFTY_Bank_Dec2023.pdf,MONTH_END
2023-12-29,INDUSINDBK,IndusInd Bank Ltd.,Financial Services,1598.95,200486,6.43,2023-12-01,NIFTY_Bank_Dec2023.pdf,MONTH_END
2023-12-29,KOTAKBANK,Kotak Mahindra Bank Ltd.,Financial Services,1908.1,309389,9.92,2023-12-01,NIFTY_Bank_Dec2023.pdf,MONTH_END
2023-12-29,PNB,Punjab National Bank,Financial Services,95.75,53992,1.73,2023-12-01,NIFTY_Bank_Dec2023.pdf,MONTH_END
2023-12-29,SBIN,State Bank of India,Financial Services,642.05,307861,9.87,2023-12-01,NIFTY_Bank_Dec2023.pdf,MONTH_END
2024-01-31,AUBANK,AU Small Finance Bank Ltd.,Financial Services,636.6,58126,1.96,2024-01-01,NIFTY_Bank_Jan2024.pdf,MONTH_END
2024-01-31,AXISBANK,Axis Bank Ltd.,Financial Services,1067.75,298534,10.05,2024-01-01,NIFTY_Bank_Jan2024.pdf,MONTH_END
2024-01-31,BANDHANBNK,Bandhan Bank Ltd.,Financial Services,229.0,32885,1.11,2024-01-01,NIFTY_Bank_Jan2024.pdf,MONTH_END
2024-01-31,BANKBARODA,Bank of Baroda,Financial Services,247.6,87430,2.94,2024-01-01,NIFTY_Bank_Jan2024.pdf,MONTH_END
2024-01-31,FEDERALBNK,Federal Bank Ltd.,Financial Services,147.3,62567,2.11,2024-01-01,NIFTY_Bank_Jan2024.pdf,MONTH_END
2024-01-31,HDFCBANK,HDFC Bank Ltd.,Financial Services,1462.55,784688,26.41,2024-01-01,NIFTY_Bank_Jan2024.pdf,MONTH_END
2024-01-31,ICICIBANK,ICICI Bank Ltd.,Financial Services,1028.15,726504,24.45,2024-01-01,NIFTY_Bank_Jan2024.pdf,MONTH_END
2024-01-31,IDFCFIRSTB,IDFC First Bank Ltd.,Financial Services,84.35,61007,2.05,2024-01-01,NIFTY_Bank_Jan2024.pdf,MONTH_END
2024-01-31,INDUSINDBK,IndusInd Bank Ltd.,Financial Services,1534.05,192349,6.47,2024-01-01,NIFTY_Bank_Jan2024.pdf,MONTH_END
2024-01-31,KOTAKBANK,Kotak Mahindra Bank Ltd.,Financial Services,1825.25,295955,9.96,2024-01-01,NIFTY_Bank_Jan2024.pdf,MONTH_END
2024-01-31,PNB,Punjab National Bank,Financial Services,114.4,64509,2.17,2024-01-01,NIFTY_Bank_Jan2024.pdf,MONTH_END
2024-01-31,SBIN,State Bank of India,Financial Services,640.5,307118,10.33,2024-01-01,NIFTY_Bank_Jan2024.pdf,MONTH_END
2024-02-29,AUBANK,AU Small Finance Bank Ltd.,Financial Services,569.85,52031,1.75,2024-02-01,NIFTY_Bank_Feb2024.pdf,MONTH_END
2024-02-29,AXISBANK,Axis Bank Ltd.,Financial Services,1075.1,300589,10.09,2024-02-01,NIFTY_Bank_Feb2024.pdf,MONTH_END
2024-02-29,BANDHANBNK,Bandhan Bank Ltd.,Financial Services,195.6,28089,0.94,2024-02-01,NIFTY_Bank_Feb2024.pdf,MONTH_END
2024-02-29,BANKBARODA,Bank of Baroda,Financial Services,265.45,93733,3.15,2024-02-01,NIFTY_Bank_Feb2024.pdf,MONTH_END
2024-02-29,FEDERALBNK,Federal Bank Ltd.,Financial Services,150.4,63884,2.14,2024-02-01,NIFTY_Bank_Feb2024.pdf,MONTH_END
2024-02-29,HDFCBANK,HDFC Bank Ltd.,Financial Services,1403.4,752953,25.27,2024-02-01,NIFTY_Bank_Feb2024.pdf,MONTH_END
2024-02-29,ICICIBANK,ICICI Bank Ltd.,Financial Services,1052.2,743498,24.95,2024-02-01,NIFTY_Bank_Feb2024.pdf,MONTH_END
2024-02-29,IDFCFIRSTB,IDFC First Bank Ltd.,Financial Services,81.05,58620,1.97,2024-02-01,NIFTY_Bank_Feb2024.pdf,MONTH_END
2024-02-29,INDUSINDBK,IndusInd Bank Ltd.,Financial Services,1474.9,184932,6.21,2024-02-01,NIFTY_Bank_Feb2024.pdf,MONTH_END
2024-02-29,KOTAKBANK,Kotak Mahindra Bank Ltd.,Financial Services,1689.45,273936,9.19,2024-02-01,NIFTY_Bank_Feb2024.pdf,MONTH_END
2024-02-29,PNB,Punjab National Bank,Financial Services,121.85,68710,2.31,2024-02-01,NIFTY_Bank_Feb2024.pdf,MONTH_END
2024-02-29,SBIN,State Bank of India,Financial Services,748.1,358712,12.04,2024-02-01,NIFTY_Bank_Feb2024.pdf,MONTH_END
2024-03-28,AUBANK,AU Small Finance Bank Ltd.,Financial Services,565.0,55048,1.83,2024-03-01,NIFTY_Bank_Mar2024.pdf,REBALANCE_EFFECTIVE
2024-03-28,AXISBANK,Axis Bank Ltd.,Financial Services,1047.2,275811,9.19,2024-03-01,NIFTY_Bank_Mar2024.pdf,REBALANCE_EFFECTIVE
2024-03-28,BANDHANBNK,Bandhan Bank Ltd.,Financial Services,180.0,29906,1.0,2024-03-01,NIFTY_Bank_Mar2024.pdf,REBALANCE_EFFECTIVE
2024-03-28,BANKBARODA,Bank of Baroda,Financial Services,264.05,99411,3.31,2024-03-01,NIFTY_Bank_Mar2024.pdf,REBALANCE_EFFECTIVE
2024-03-28,FEDERALBNK,Federal Bank Ltd.,Financial Services,150.2,68075,2.27,2024-03-01,NIFTY_Bank_Mar2024.pdf,REBALANCE_EFFECTIVE
2024-03-28,HDFCBANK,HDFC Bank Ltd.,Financial Services,1447.9,870368,29.0,2024-03-01,NIFTY_Bank_Mar2024.pdf,REBALANCE_EFFECTIVE
2024-03-28,ICICIBANK,ICICI Bank Ltd.,Financial Services,1093.3,712142,23.73,2024-03-01,NIFTY_Bank_Mar2024.pdf,REBALANCE_EFFECTIVE
2024-03-28,IDFCFIRSTB,IDFC First Bank Ltd.,Financial Services,75.4,60369,2.01,2024-03-01,NIFTY_Bank_Mar2024.pdf,REBALANCE_EFFECTIVE
2024-03-28,INDUSINDBK,IndusInd Bank Ltd.,Financial Services,1553.0,207764,6.92,2024-03-01,NIFTY_Bank_Mar2024.pdf,REBALANCE_EFFECTIVE
2024-03-28,KOTAKBANK,Kotak Mahindra Bank Ltd.,Financial Services,1785.5,273545,9.11,2024-03-01,NIFTY_Bank_Mar2024.pdf,REBALANCE_EFFECTIVE
2024-03-28,PNB,Punjab National Bank,Financial Services,124.4,74792,2.49,2024-03-01,NIFTY_Bank_Mar2024.pdf,REBALANCE_EFFECTIVE
2024-03-28,SBIN,State Bank of India,Financial Services,752.35,274209,9.14,2024-03-01,NIFTY_Bank_Mar2024.pdf,REBALANCE_EFFECTIVE
2024-04-30,AUBANK,AU Small Finance Bank Ltd.,Financial Services,633.6,61732,1.96,2024-04-01,NIFTY_Bank_Apr2024.pdf,MONTH_END
2024-04-30,AXISBANK,Axis Bank Ltd.,Financial Services,1165.9,307074,9.76,2024-04-01,NIFTY_Bank_Apr2024.pdf,MONTH_END
2024-04-30,BANDHANBNK,Bandhan Bank Ltd.,Financial Services,188.3,31285,0.99,2024-04-01,NIFTY_Bank_Apr2024.pdf,MONTH_END
2024-04-30,BANKBARODA,Bank of Baroda,Financial Services,281.5,105981,3.37,2024-04-01,NIFTY_Bank_Apr2024.pdf,MONTH_END
2024-04-30,FEDERALBNK,Federal Bank Ltd.,Financial Services,162.6,73695,2.34,2024-04-01,NIFTY_Bank_Apr2024.pdf,MONTH_END
2024-04-30,HDFCBANK,HDFC Bank Ltd.,Financial Services,1520.1,913770,29.04,2024-04-01,NIFTY_Bank_Apr2024.pdf,MONTH_END
2024-04-30,ICICIBANK,ICICI Bank Ltd.,Financial Services,1150.4,749335,23.82,2024-04-01,NIFTY_Bank_Apr2024.pdf,MONTH_END
2024-04-30,IDFCFIRSTB,IDFC First Bank Ltd.,Financial Services,82.15,65774,2.09,2024-04-01,NIFTY_Bank_Apr2024.pdf,MONTH_END
2024-04-30,INDUSINDBK,IndusInd Bank Ltd.,Financial Services,1515.7,202774,6.45,2024-04-01,NIFTY_Bank_Apr2024.pdf,MONTH_END
2024-04-30,KOTAKBANK,Kotak Mahindra Bank Ltd.,Financial Services,1623.95,248795,7.91,2024-04-01,NIFTY_Bank_Apr2024.pdf,MONTH_END
2024-04-30,PNB,Punjab National Bank,Financial Services,141.05,84802,2.7,2024-04-01,NIFTY_Bank_Apr2024.pdf,MONTH_END
2024-04-30,SBIN,State Bank of India,Financial Services,826.25,301144,9.57,2024-04-01,NIFTY_Bank_Apr2024.pdf,MONTH_END
2024-05-31,AUBANK,AU Small Finance Bank Ltd.,Financial Services,653.1,73568,2.35,2024-05-01,NIFTY_Bank_May2024.pdf,MONTH_END
2024-05-31,AXISBANK,Axis Bank Ltd.,Financial Services,1162.15,306087,9.78,2024-05-01,NIFTY_Bank_May2024.pdf,MONTH_END
2024-05-31,BANDHANBNK,Bandhan Bank Ltd.,Financial Services,188.3,31285,1.0,2024-05-01,NIFTY_Bank_May2024.pdf,MONTH_END
2024-05-31,BANKBARODA,Bank of Baroda,Financial Services,264.9,99731,3.19,2024-05-01,NIFTY_Bank_May2024.pdf,MONTH_END
2024-05-31,FEDERALBNK,Federal Bank Ltd.,Financial Services,162.05,73445,2.35,2024-05-01,NIFTY_Bank_May2024.pdf,MONTH_END
2024-05-31,HDFCBANK,HDFC Bank Ltd.,Financial Services,1531.55,920653,29.42,2024-05-01,NIFTY_Bank_May2024.pdf,MONTH_END
2024-05-31,ICICIBANK,ICICI Bank Ltd.,Financial Services,1121.05,730218,23.33,2024-05-01,NIFTY_Bank_May2024.pdf,MONTH_END
2024-05-31,IDFCFIRSTB,IDFC First Bank Ltd.,Financial Services,76.4,61170,1.95,2024-05-01,NIFTY_Bank_May2024.pdf,MONTH_END
2024-05-31,INDUSINDBK,IndusInd Bank Ltd.,Financial Services,1461.85,195570,6.25,2024-05-01,NIFTY_Bank_May2024.pdf,MONTH_END
2024-05-31,KOTAKBANK,Kotak Mahindra Bank Ltd.,Financial Services,1680.4,257443,8.23,2024-05-01,NIFTY_Bank_May2024.pdf,MONTH_END
2024-05-31,PNB,Punjab National Bank,Financial Services,129.45,77828,2.49,2024-05-01,NIFTY_Bank_May2024.pdf,MONTH_END
2024-05-31,SBIN,State Bank of India,Financial Services,830.35,302638,9.67,2024-05-01,NIFTY_Bank_May2024.pdf,MONTH_END
2024-06-28,AUBANK,AU Small Finance Bank Ltd.,Financial Services,672.05,72138,2.13,2024-06-01,NIFTY_Bank_Jun2024.pdf,MONTH_END
2024-06-28,AXISBANK,Axis Bank Ltd.,Financial Services,1265.25,337782,10.0,2024-06-01,NIFTY_Bank_Jun2024.pdf,MONTH_END
2024-06-28,BANDHANBNK,Bandhan Bank Ltd.,Financial Services,203.78,32253,0.95,2024-06-01,NIFTY_Bank_Jun2024.pdf,MONTH_END
2024-06-28,BANKBARODA,Bank of Baroda,Financial Services,275.4,98768,2.92,2024-06-01,NIFTY_Bank_Jun2024.pdf,MONTH_END
2024-06-28,FEDERALBNK,Federal Bank Ltd.,Financial Services,177.25,81095,2.4,2024-06-01,NIFTY_Bank_Jun2024.pdf,MONTH_END
2024-06-28,HDFCBANK,HDFC Bank Ltd.,Financial Services,1683.8,958981,28.38,2024-06-01,NIFTY_Bank_Jun2024.pdf,MONTH_END
2024-06-28,ICICIBANK,ICICI Bank Ltd.,Financial Services,1199.6,792641,23.46,2024-06-01,NIFTY_Bank_Jun2024.pdf,MONTH_END
2024-06-28,IDFCFIRSTB,IDFC First Bank Ltd.,Financial Services,82.16,62728,1.86,2024-06-01,NIFTY_Bank_Jun2024.pdf,MONTH_END
2024-06-28,INDUSINDBK,IndusInd Bank Ltd.,Financial Services,1464.5,186739,5.53,2024-06-01,NIFTY_Bank_Jun2024.pdf,MONTH_END
2024-06-28,KOTAKBANK,Kotak Mahindra Bank Ltd.,Financial Services,1802.5,343361,10.16,2024-06-01,NIFTY_Bank_Jun2024.pdf,MONTH_END
2024-06-28,PNB,Punjab National Bank,Financial Services,123.26,70593,2.09,2024-06-01,NIFTY_Bank_Jun2024.pdf,MONTH_END
2024-06-28,SBIN,State Bank of India,Financial Services,848.95,342137,10.12,2024-06-01,NIFTY_Bank_Jun2024.pdf,MONTH_END
2024-07-31,AUBANK,AU Small Finance Bank Ltd.,Financial Services,646.05,69347,2.08,2024-07-01,NIFTY_Bank_Jul2024.pdf,MONTH_END
2024-07-31,AXISBANK,Axis Bank Ltd.,Financial Services,1166.1,311312,9.33,2024-07-01,NIFTY_Bank_Jul2024.pdf,MONTH_END
2024-07-31,BANDHANBNK,Bandhan Bank Ltd.,Financial Services,218.08,34516,1.03,2024-07-01,NIFTY_Bank_Jul2024.pdf,MONTH_END
2024-07-31,BANKBARODA,Bank of Baroda,Financial Services,253.65,90968,2.73,2024-07-01,NIFTY_Bank_Jul2024.pdf,MONTH_END
2024-07-31,FEDERALBNK,Federal Bank Ltd.,Financial Services,201.39,92139,2.76,2024-07-01,NIFTY_Bank_Jul2024.pdf,MONTH_END
2024-07-31,HDFCBANK,HDFC Bank Ltd.,Financial Services,1615.75,920224,27.58,2024-07-01,NIFTY_Bank_Jul2024.pdf,MONTH_END
2024-07-31,ICICIBANK,ICICI Bank Ltd.,Financial Services,1214.9,802751,24.06,2024-07-01,NIFTY_Bank_Jul2024.pdf,MONTH_END
2024-07-31,IDFCFIRSTB,IDFC First Bank Ltd.,Financial Services,75.99,65681,1.97,2024-07-01,NIFTY_Bank_Jul2024.pdf,MONTH_END
2024-07-31,INDUSINDBK,IndusInd Bank Ltd.,Financial Services,1427.8,182060,5.46,2024-07-01,NIFTY_Bank_Jul2024.pdf,MONTH_END
2024-07-31,KOTAKBANK,Kotak Mahindra Bank Ltd.,Financial Services,1807.9,344390,10.32,2024-07-01,NIFTY_Bank_Jul2024.pdf,MONTH_END
2024-07-31,PNB,Punjab National Bank,Financial Services,123.95,70988,2.13,2024-07-01,NIFTY_Bank_Jul2024.pdf,MONTH_END
2024-07-31,SBIN,State Bank of India,Financial Services,872.4,351588,10.54,2024-07-01,NIFTY_Bank_Jul2024.pdf,MONTH_END
2024-08-30,AUBANK,AU Small Finance Bank Ltd.,Financial Services,688.7,73925,2.22,2024-08-01,NIFTY_Bank_Aug2024.pdf,MONTH_END
2024-08-30,AXISBANK,Axis Bank Ltd.,Financial Services,1175.25,313755,9.44,2024-08-01,NIFTY_Bank_Aug2024.pdf,MONTH_END
2024-08-30,BANDHANBNK,Bandhan Bank Ltd.,Financial Services,200.3,31702,0.95,2024-08-01,NIFTY_Bank_Aug2024.pdf,MONTH_END
2024-08-30,BANKBARODA,Bank of Baroda,Financial Services,250.1,89695,2.7,2024-08-01,NIFTY_Bank_Aug2024.pdf,MONTH_END
2024-08-30,FEDERALBNK,Federal Bank Ltd.,Financial Services,194.7,89079,2.68,2024-08-01,NIFTY_Bank_Aug2024.pdf,MONTH_END
2024-08-30,HDFCBANK,HDFC Bank Ltd.,Financial Services,1636.9,932270,28.06,2024-08-01,NIFTY_Bank_Aug2024.pdf,MONTH_END
2024-08-30,ICICIBANK,ICICI Bank Ltd.,Financial Services,1229.2,812200,24.44,2024-08-01,NIFTY_Bank_Aug2024.pdf,MONTH_END
2024-08-30,IDFCFIRSTB,IDFC First Bank Ltd.,Financial Services,73.84,63823,1.92,2024-08-01,NIFTY_Bank_Aug2024.pdf,MONTH_END
2024-08-30,INDUSINDBK,IndusInd Bank Ltd.,Financial Services,1425.25,181734,5.47,2024-08-01,NIFTY_Bank_Aug2024.pdf,MONTH_END
2024-08-30,KOTAKBANK,Kotak Mahindra Bank Ltd.,Financial Services,1780.8,339227,10.21,2024-08-01,NIFTY_Bank_Aug2024.pdf,MONTH_END
2024-08-30,PNB,Punjab National Bank,Financial Services,116.57,66761,2.01,2024-08-01,NIFTY_Bank_Aug2024.pdf,MONTH_END
2024-08-30,SBIN,State Bank of India,Financial Services,815.6,328697,9.89,2024-08-01,NIFTY_Bank_Aug2024.pdf,MONTH_END
2024-09-30,AUBANK,AU Small Finance Bank Ltd.,Financial Services,740.2,85763,2.46,2024-09-01,NIFTY_Bank_Sep2024.pdf,REBALANCE_EFFECTIVE
2024-09-30,AXISBANK,Axis Bank Ltd.,Financial Services,1232.2,324768,9.32,2024-09-01,NIFTY_Bank_Sep2024.pdf,REBALANCE_EFFECTIVE
2024-09-30,BANKBARODA,Bank of Baroda,Financial Services,247.8,95574,2.74,2024-09-01,NIFTY_Bank_Sep2024.pdf,REBALANCE_EFFECTIVE
2024-09-30,CANBK,Canara Bank,Financial Services,111.33,77603,2.23,2024-09-01,NIFTY_Bank_Sep2024.pdf,REBALANCE_EFFECTIVE
2024-09-30,FEDERALBNK,Federal Bank Ltd.,Financial Services,196.73,99611,2.86,2024-09-01,NIFTY_Bank_Sep2024.pdf,REBALANCE_EFFECTIVE
2024-09-30,HDFCBANK,HDFC Bank Ltd.,Financial Services,1732.05,978605,28.1,2024-09-01,NIFTY_Bank_Sep2024.pdf,REBALANCE_EFFECTIVE
2024-09-30,ICICIBANK,ICICI Bank Ltd.,Financial Services,1273.0,829369,23.81,2024-09-01,NIFTY_Bank_Sep2024.pdf,REBALANCE_EFFECTIVE
2024-09-30,IDFCFIRSTB,IDFC First Bank Ltd.,Financial Services,74.35,69393,1.99,2024-09-01,NIFTY_Bank_Sep2024.pdf,REBALANCE_EFFECTIVE
2024-09-30,INDUSINDBK,IndusInd Bank Ltd.,Financial Services,1447.6,197964,5.68,2024-09-01,NIFTY_Bank_Sep2024.pdf,REBALANCE_EFFECTIVE
2024-09-30,KOTAKBANK,Kotak Mahindra Bank Ltd.,Financial Services,1853.95,326482,9.37,2024-09-01,NIFTY_Bank_Sep2024.pdf,REBALANCE_EFFECTIVE
2024-09-30,PNB,Punjab National Bank,Financial Services,107.21,65717,1.89,2024-09-01,NIFTY_Bank_Sep2024.pdf,REBALANCE_EFFECTIVE
2024-09-30,SBIN,State Bank of India,Financial Services,787.9,332039,9.53,2024-09-01,NIFTY_Bank_Sep2024.pdf,REBALANCE_EFFECTIVE
2024-10-31,AUBANK,AU Small Finance Bank Ltd.,Financial Services,612.45,70962,2.08,2024-10-01,NIFTY_Bank_Oct2024.pdf,MONTH_END
2024-10-31,AXISBANK,Axis Bank Ltd.,Financial Services,1159.55,305620,8.95,2024-10-01,NIFTY_Bank_Oct2024.pdf,MONTH_END
2024-10-31,BANKBARODA,Bank of Baroda,Financial Services,250.96,96793,2.83,2024-10-01,NIFTY_Bank_Oct2024.pdf,MONTH_END
2024-10-31,CANBK,Canara Bank,Financial Services,102.65,71553,2.09,2024-10-01,NIFTY_Bank_Oct2024.pdf,MONTH_END
2024-10-31,FEDERALBNK,Federal Bank Ltd.,Financial Services,203.91,103247,3.02,2024-10-01,NIFTY_Bank_Oct2024.pdf,MONTH_END
2024-10-31,HDFCBANK,HDFC Bank Ltd.,Financial Services,1735.7,980667,28.71,2024-10-01,NIFTY_Bank_Oct2024.pdf,MONTH_END
2024-10-31,ICICIBANK,ICICI Bank Ltd.,Financial Services,1292.25,841911,24.65,2024-10-01,NIFTY_Bank_Oct2024.pdf,MONTH_END
2024-10-31,IDFCFIRSTB,IDFC First Bank Ltd.,Financial Services,65.93,89809,2.63,2024-10-01,NIFTY_Bank_Oct2024.pdf,MONTH_END
2024-10-31,INDUSINDBK,IndusInd Bank Ltd.,Financial Services,1055.6,144357,4.23,2024-10-01,NIFTY_Bank_Oct2024.pdf,MONTH_END
2024-10-31,KOTAKBANK,Kotak Mahindra Bank Ltd.,Financial Services,1731.1,304848,8.93,2024-10-01,NIFTY_Bank_Oct2024.pdf,MONTH_END
2024-10-31,PNB,Punjab National Bank,Financial Services,97.9,60010,1.76,2024-10-01,NIFTY_Bank_Oct2024.pdf,MONTH_END
2024-10-31,SBIN,State Bank of India,Financial Services,820.2,345651,10.12,2024-10-01,NIFTY_Bank_Oct2024.pdf,MONTH_END
2024-11-29,AUBANK,AU Small Finance Bank Ltd.,Financial Services,583.35,67590,1.96,2024-11-01,NIFTY_Bank_Nov2024.pdf,MONTH_END
2024-11-29,AXISBANK,Axis Bank Ltd.,Financial Services,1136.3,299492,8.67,2024-11-01,NIFTY_Bank_Nov2024.pdf,MONTH_END
2024-11-29,BANKBARODA,Bank of Baroda,Financial Services,246.4,95034,2.75,2024-11-01,NIFTY_Bank_Nov2024.pdf,MONTH_END
2024-11-29,CANBK,Canara Bank,Financial Services,102.01,71106,2.06,2024-11-01,NIFTY_Bank_Nov2024.pdf,MONTH_END
2024-11-29,FEDERALBNK,Federal Bank Ltd.,Financial Services,210.78,106725,3.09,2024-11-01,NIFTY_Bank_Nov2024.pdf,MONTH_END
2024-11-29,HDFCBANK,HDFC Bank Ltd.,Financial Services,1796.05,1014765,29.38,2024-11-01,NIFTY_Bank_Nov2024.pdf,MONTH_END
2024-11-29,ICICIBANK,ICICI Bank Ltd.,Financial Services,1300.1,847025,24.52,2024-11-01,NIFTY_Bank_Nov2024.pdf,MONTH_END
2024-11-29,IDFCFIRSTB,IDFC First Bank Ltd.,Financial Services,64.08,87289,2.53,2024-11-01,NIFTY_Bank_Nov2024.pdf,MONTH_END
2024-11-29,INDUSINDBK,IndusInd Bank Ltd.,Financial Services,995.85,136186,3.94,2024-11-01,NIFTY_Bank_Nov2024.pdf,MONTH_END
2024-11-29,KOTAKBANK,Kotak Mahindra Bank Ltd.,Financial Services,1765.25,310862,9.0,2024-11-01,NIFTY_Bank_Nov2024.pdf,MONTH_END
2024-11-29,PNB,Punjab National Bank,Financial Services,104.9,64301,1.86,2024-11-01,NIFTY_Bank_Nov2024.pdf,MONTH_END
2024-11-29,SBIN,State Bank of India,Financial Services,838.95,353553,10.24,2024-11-01,NIFTY_Bank_Nov2024.pdf,MONTH_END
2024-12-31,AUBANK,AU Small Finance Bank Ltd.,Financial Services,559.1,76364,2.23,2024-12-01,NIFTY_Bank_Dec2024.pdf,MONTH_END
2024-12-31,AXISBANK,Axis Bank Ltd.,Financial Services,1064.7,292644,8.54,2024-12-01,NIFTY_Bank_Dec2024.pdf,MONTH_END
2024-12-31,BANKBARODA,Bank of Baroda,Financial Services,240.55,109241,3.19,2024-12-01,NIFTY_Bank_Dec2024.pdf,MONTH_END
2024-12-31,CANBK,Canara Bank,Financial Services,100.12,82173,2.4,2024-12-01,NIFTY_Bank_Dec2024.pdf,MONTH_END
2024-12-31,FEDERALBNK,Federal Bank Ltd.,Financial Services,200.02,119322,3.48,2024-12-01,NIFTY_Bank_Dec2024.pdf,MONTH_END
2024-12-31,HDFCBANK,HDFC Bank Ltd.,Financial Services,1772.85,963011,28.11,2024-12-01,NIFTY_Bank_Dec2024.pdf,MONTH_END
2024-12-31,ICICIBANK,ICICI Bank Ltd.,Financial Services,1281.65,855983,24.98,2024-12-01,NIFTY_Bank_Dec2024.pdf,MONTH_END
2024-12-31,IDFCFIRSTB,IDFC First Bank Ltd.,Financial Services,63.14,95266,2.78,2024-12-01,NIFTY_Bank_Dec2024.pdf,MONTH_END
2024-12-31,INDUSINDBK,IndusInd Bank Ltd.,Financial Services,960.15,154613,4.51,2024-12-01,NIFTY_Bank_Dec2024.pdf,MONTH_END
2024-12-31,KOTAKBANK,Kotak Mahindra Bank Ltd.,Financial Services,1786.05,301556,8.8,2024-12-01,NIFTY_Bank_Dec2024.pdf,MONTH_END
2024-12-31,PNB,Punjab National Bank,Financial Services,102.78,86273,2.52,2024-12-01,NIFTY_Bank_Dec2024.pdf,MONTH_END
2024-12-31,SBIN,State Bank of India,Financial Services,794.95,289568,8.45,2024-12-01,NIFTY_Bank_Dec2024.pdf,MONTH_END
2025-01-31,AUBANK,AU Small Finance Bank Ltd.,Financial Services,600.95,82080,2.46,2025-01-01,NIFTY_Bank_Jan2025.pdf,MONTH_END
2025-01-31,AXISBANK,Axis Bank Ltd.,Financial Services,986.1,271040,8.11,2025-01-01,NIFTY_Bank_Jan2025.pdf,MONTH_END
2025-01-31,BANKBARODA,Bank of Baroda,Financial Services,213.39,96907,2.9,2025-01-01,NIFTY_Bank_Jan2025.pdf,MONTH_END
2025-01-31,CANBK,Canara Bank,Financial Services,93.27,76551,2.29,2025-01-01,NIFTY_Bank_Jan2025.pdf,MONTH_END
2025-01-31,FEDERALBNK,Federal Bank Ltd.,Financial Services,187.21,111680,3.34,2025-01-01,NIFTY_Bank_Jan2025.pdf,MONTH_END
2025-01-31,HDFCBANK,HDFC Bank Ltd.,Financial Services,1698.75,922760,27.63,2025-01-01,NIFTY_Bank_Jan2025.pdf,MONTH_END
2025-01-31,ICICIBANK,ICICI Bank Ltd.,Financial Services,1252.8,836715,25.05,2025-01-01,NIFTY_Bank_Jan2025.pdf,MONTH_END
2025-01-31,IDFCFIRSTB,IDFC First Bank Ltd.,Financial Services,63.24,95417,2.86,2025-01-01,NIFTY_Bank_Jan2025.pdf,MONTH_END
2025-01-31,INDUSINDBK,IndusInd Bank Ltd.,Financial Services,991.2,159613,4.78,2025-01-01,NIFTY_Bank_Jan2025.pdf,MONTH_END
2025-01-31,KOTAKBANK,Kotak Mahindra Bank Ltd.,Financial Services,1901.3,321015,9.61,2025-01-01,NIFTY_Bank_Jan2025.pdf,MONTH_END
2025-01-31,PNB,Punjab National Bank,Financial Services,101.2,84947,2.54,2025-01-01,NIFTY_Bank_Jan2025.pdf,MONTH_END
2025-01-31,SBIN,State Bank of India,Financial Services,772.9,281536,8.43,2025-01-01,NIFTY_Bank_Jan2025.pdf,MONTH_END
2025-02-28,AUBANK,AU Small Finance Bank Ltd.,Financial Services,565.7,77265,2.37,2025-02-01,NIFTY_Bank_Feb2025.pdf,MONTH_END
2025-02-28,AXISBANK,Axis Bank Ltd.,Financial Services,1015.55,279135,8.57,2025-02-01,NIFTY_Bank_Feb2025.pdf,MONTH_END
2025-02-28,BANKBARODA,Bank of Baroda,Financial Services,197.07,89495,2.75,2025-02-01,NIFTY_Bank_Feb2025.pdf,MONTH_END
2025-02-28,CANBK,Canara Bank,Financial Services,80.9,66398,2.04,2025-02-01,NIFTY_Bank_Feb2025.pdf,MONTH_END
2025-02-28,FEDERALBNK,Federal Bank Ltd.,Financial Services,177.62,105959,3.25,2025-02-01,NIFTY_Bank_Feb2025.pdf,MONTH_END
2025-02-28,HDFCBANK,HDFC Bank Ltd.,Financial Services,1732.4,941039,28.9,2025-02-01,NIFTY_Bank_Feb2025.pdf,MONTH_END
2025-02-28,ICICIBANK,ICICI Bank Ltd.,Financial Services,1204.1,804190,24.69,2025-02-01,NIFTY_Bank_Feb2025.pdf,MONTH_END
2025-02-28,IDFCFIRSTB,IDFC First Bank Ltd.,Financial Services,58.39,88099,2.71,2025-02-01,NIFTY_Bank_Feb2025.pdf,MONTH_END
2025-02-28,INDUSINDBK,IndusInd Bank Ltd.,Financial Services,990.1,159436,4.9,2025-02-01,NIFTY_Bank_Feb2025.pdf,MONTH_END
2025-02-28,KOTAKBANK,Kotak Mahindra Bank Ltd.,Financial Services,1902.95,321294,9.87,2025-02-01,NIFTY_Bank_Feb2025.pdf,MONTH_END
2025-02-28,PNB,Punjab National Bank,Financial Services,87.39,73355,2.25,2025-02-01,NIFTY_Bank_Feb2025.pdf,MONTH_END
2025-02-28,SBIN,State Bank of India,Financial Services,688.8,250902,7.7,2025-02-01,NIFTY_Bank_Feb2025.pdf,MONTH_END
2025-03-28,AUBANK,AU Small Finance Bank Ltd.,Financial Services,534.6,85085,2.42,2025-03-01,NIFTY_Bank_Mar2025.pdf,REBALANCE_EFFECTIVE
2025-03-28,AXISBANK,Axis Bank Ltd.,Financial Services,1102.0,295714,8.4,2025-03-01,NIFTY_Bank_Mar2025.pdf,REBALANCE_EFFECTIVE
2025-03-28,BANKBARODA,Bank of Baroda,Financial Services,228.53,119991,3.41,2025-03-01,NIFTY_Bank_Mar2025.pdf,REBALANCE_EFFECTIVE
2025-03-28,CANBK,Canara Bank,Financial Services,89.0,85068,2.42,2025-03-01,NIFTY_Bank_Mar2025.pdf,REBALANCE_EFFECTIVE
2025-03-28,FEDERALBNK,Federal Bank Ltd.,Financial Services,192.73,133968,3.81,2025-03-01,NIFTY_Bank_Mar2025.pdf,REBALANCE_EFFECTIVE
2025-03-28,HDFCBANK,HDFC Bank Ltd.,Financial Services,1828.2,995397,28.27,2025-03-01,NIFTY_Bank_Mar2025.pdf,REBALANCE_EFFECTIVE
2025-03-28,ICICIBANK,ICICI Bank Ltd.,Financial Services,1348.35,893729,25.38,2025-03-01,NIFTY_Bank_Mar2025.pdf,REBALANCE_EFFECTIVE
2025-03-28,IDFCFIRSTB,IDFC First Bank Ltd.,Financial Services,54.96,96604,2.74,2025-03-01,NIFTY_Bank_Mar2025.pdf,REBALANCE_EFFECTIVE
2025-03-28,INDUSINDBK,IndusInd Bank Ltd.,Financial Services,649.85,121336,3.45,2025-03-01,NIFTY_Bank_Mar2025.pdf,REBALANCE_EFFECTIVE
2025-03-28,KOTAKBANK,Kotak Mahindra Bank Ltd.,Financial Services,2171.2,300321,8.53,2025-03-01,NIFTY_Bank_Mar2025.pdf,REBALANCE_EFFECTIVE
2025-03-28,PNB,Punjab National Bank,Financial Services,96.13,93971,2.67,2025-03-01,NIFTY_Bank_Mar2025.pdf,REBALANCE_EFFECTIVE
2025-03-28,SBIN,State Bank of India,Financial Services,771.5,299630,8.51,2025-03-01,NIFTY_Bank_Mar2025.pdf,REBALANCE_EFFECTIVE
2025-04-30,AUBANK,AU Small Finance Bank Ltd.,Financial Services,678.6,108004,2.87,2025-04-01,NIFTY_Bank_Apr2025.pdf,MONTH_END
2025-04-30,AXISBANK,Axis Bank Ltd.,Financial Services,1185.0,317986,8.45,2025-04-01,NIFTY_Bank_Apr2025.pdf,MONTH_END
2025-04-30,BANKBARODA,Bank of Baroda,Financial Services,249.93,131228,3.49,2025-04-01,NIFTY_Bank_Apr2025.pdf,MONTH_END
2025-04-30,CANBK,Canara Bank,Financial Services,97.45,93144,2.48,2025-04-01,NIFTY_Bank_Apr2025.pdf,MONTH_END
2025-04-30,FEDERALBNK,Federal Bank Ltd.,Financial Services,196.68,136714,3.63,2025-04-01,NIFTY_Bank_Apr2025.pdf,MONTH_END
2025-04-30,HDFCBANK,HDFC Bank Ltd.,Financial Services,1925.0,1048101,27.87,2025-04-01,NIFTY_Bank_Apr2025.pdf,MONTH_END
2025-04-30,ICICIBANK,ICICI Bank Ltd.,Financial Services,1427.0,945861,25.15,2025-04-01,NIFTY_Bank_Apr2025.pdf,MONTH_END
2025-04-30,IDFCFIRSTB,IDFC First Bank Ltd.,Financial Services,64.89,114059,3.03,2025-04-01,NIFTY_Bank_Apr2025.pdf,MONTH_END
2025-04-30,INDUSINDBK,IndusInd Bank Ltd.,Financial Services,838.4,156541,4.16,2025-04-01,NIFTY_Bank_Apr2025.pdf,MONTH_END
2025-04-30,KOTAKBANK,Kotak Mahindra Bank Ltd.,Financial Services,2208.1,305425,8.12,2025-04-01,NIFTY_Bank_Apr2025.pdf,MONTH_END
2025-04-30,PNB,Punjab National Bank,Financial Services,100.21,97959,2.6,2025-04-01,NIFTY_Bank_Apr2025.pdf,MONTH_END
2025-04-30,SBIN,State Bank of India,Financial Services,788.65,306291,8.14,2025-04-01,NIFTY_Bank_Apr2025.pdf,MONTH_END
2025-05-30,AUBANK,AU Small Finance Bank Ltd.,Financial Services,693.05,110304,2.9,2025-05-01,NIFTY_Bank_May2025.pdf,MONTH_END
2025-05-30,AXISBANK,Axis Bank Ltd.,Financial Services,1192.2,319918,8.4,2025-05-01,NIFTY_Bank_May2025.pdf,MONTH_END
2025-05-30,BANKBARODA,Bank of Baroda,Financial Services,249.55,131028,3.44,2025-05-01,NIFTY_Bank_May2025.pdf,MONTH_END
2025-05-30,CANBK,Canara Bank,Financial Services,114.76,109690,2.88,2025-05-01,NIFTY_Bank_May2025.pdf,MONTH_END
2025-05-30,FEDERALBNK,Federal Bank Ltd.,Financial Services,202.06,140453,3.69,2025-05-01,NIFTY_Bank_May2025.pdf,MONTH_END
2025-05-30,HDFCBANK,HDFC Bank Ltd.,Financial Services,1944.9,1058936,27.82,2025-05-01,NIFTY_Bank_May2025.pdf,MONTH_END
2025-05-30,ICICIBANK,ICICI Bank Ltd.,Financial Services,1445.8,958322,25.18,2025-05-01,NIFTY_Bank_May2025.pdf,MONTH_END
2025-05-30,IDFCFIRSTB,IDFC First Bank Ltd.,Financial Services,67.97,119472,3.14,2025-05-01,NIFTY_Bank_May2025.pdf,MONTH_END
2025-05-30,INDUSINDBK,IndusInd Bank Ltd.,Financial Services,816.95,152536,4.01,2025-05-01,NIFTY_Bank_May2025.pdf,MONTH_END
2025-05-30,KOTAKBANK,Kotak Mahindra Bank Ltd.,Financial Services,2074.7,286973,7.54,2025-05-01,NIFTY_Bank_May2025.pdf,MONTH_END
2025-05-30,PNB,Punjab National Bank,Financial Services,105.82,103443,2.72,2025-05-01,NIFTY_Bank_May2025.pdf,MONTH_END
2025-05-30,SBIN,State Bank of India,Financial Services,812.3,315476,8.29,2025-05-01,NIFTY_Bank_May2025.pdf,MONTH_END
2025-06-30,AUBANK,AU Small Finance Bank Ltd.,Financial Services,817.5,114658,2.97,2025-06-01,NIFTY_Bank_Jun2025.pdf,MONTH_END
2025-06-30,AXISBANK,Axis Bank Ltd.,Financial Services,1199.2,324085,8.4,2025-06-01,NIFTY_Bank_Jun2025.pdf,MONTH_END
2025-06-30,BANKBARODA,Bank of Baroda,Financial Services,248.78,114993,2.98,2025-06-01,NIFTY_Bank_Jun2025.pdf,MONTH_END
2025-06-30,CANBK,Canara Bank,Financial Services,114.2,96113,2.49,2025-06-01,NIFTY_Bank_Jun2025.pdf,MONTH_END
2025-06-30,FEDERALBNK,Federal Bank Ltd.,Financial Services,213.12,130563,3.38,2025-06-01,NIFTY_Bank_Jun2025.pdf,MONTH_END
2025-06-30,HDFCBANK,HDFC Bank Ltd.,Financial Services,2001.5,1086674,28.17,2025-06-01,NIFTY_Bank_Jun2025.pdf,MONTH_END
2025-06-30,ICICIBANK,ICICI Bank Ltd.,Financial Services,1445.8,973165,25.23,2025-06-01,NIFTY_Bank_Jun2025.pdf,MONTH_END
2025-06-30,IDFCFIRSTB,IDFC First Bank Ltd.,Financial Services,72.84,120164,3.11,2025-06-01,NIFTY_Bank_Jun2025.pdf,MONTH_END
2025-06-30,INDUSINDBK,IndusInd Bank Ltd.,Financial Services,872.1,143379,3.72,2025-06-01,NIFTY_Bank_Jun2025.pdf,MONTH_END
2025-06-30,KOTAKBANK,Kotak Mahindra Bank Ltd.,Financial Services,2163.5,322705,8.36,2025-06-01,NIFTY_Bank_Jun2025.pdf,MONTH_END
2025-06-30,PNB,Punjab National Bank,Financial Services,110.5,95112,2.47,2025-06-01,NIFTY_Bank_Jun2025.pdf,MONTH_END
2025-06-30,SBIN,State Bank of India,Financial Services,820.35,336215,8.72,2025-06-01,NIFTY_Bank_Jun2025.pdf,MONTH_END
2025-07-31,AUBANK,AU Small Finance Bank Ltd.,Financial Services,741.5,103999,2.76,2025-07-01,NIFTY_Bank_Jul2025.pdf,MONTH_END
2025-07-31,AXISBANK,Axis Bank Ltd.,Financial Services,1068.4,288736,7.67,2025-07-01,NIFTY_Bank_Jul2025.pdf,MONTH_END
2025-07-31,BANKBARODA,Bank of Baroda,Financial Services,237.87,109950,2.92,2025-07-01,NIFTY_Bank_Jul2025.pdf,MONTH_END
2025-07-31,CANBK,Canara Bank,Financial Services,107.25,90263,2.4,2025-07-01,NIFTY_Bank_Jul2025.pdf,MONTH_END
2025-07-31,FEDERALBNK,Federal Bank Ltd.,Financial Services,202.43,124014,3.29,2025-07-01,NIFTY_Bank_Jul2025.pdf,MONTH_END
2025-07-31,HDFCBANK,HDFC Bank Ltd.,Financial Services,2018.2,1095741,29.09,2025-07-01,NIFTY_Bank_Jul2025.pdf,MONTH_END
2025-07-31,ICICIBANK,ICICI Bank Ltd.,Financial Services,1481.4,997127,26.47,2025-07-01,NIFTY_Bank_Jul2025.pdf,MONTH_END
2025-07-31,IDFCFIRSTB,IDFC First Bank Ltd.,Financial Services,68.76,113433,3.01,2025-07-01,NIFTY_Bank_Jul2025.pdf,MONTH_END
2025-07-31,INDUSINDBK,IndusInd Bank Ltd.,Financial Services,798.9,131345,3.49,2025-07-01,NIFTY_Bank_Jul2025.pdf,MONTH_END
2025-07-31,KOTAKBANK,Kotak Mahindra Bank Ltd.,Financial Services,1978.6,295126,7.83,2025-07-01,NIFTY_Bank_Jul2025.pdf,MONTH_END
2025-07-31,PNB,Punjab National Bank,Financial Services,105.38,90705,2.41,2025-07-01,NIFTY_Bank_Jul2025.pdf,MONTH_END
2025-07-31,SBIN,State Bank of India,Financial Services,796.55,326461,8.67,2025-07-01,NIFTY_Bank_Jul2025.pdf,MONTH_END
2025-08-29,AUBANK,AU Small Finance Bank Ltd.,Financial Services,718.05,100710,2.79,2025-08-01,NIFTY_Bank_Aug2025.pdf,MONTH_END
2025-08-29,AXISBANK,Axis Bank Ltd.,Financial Services,1045.2,282466,7.82,2025-08-01,NIFTY_Bank_Aug2025.pdf,MONTH_END
2025-08-29,BANKBARODA,Bank of Baroda,Financial Services,232.83,107620,2.98,2025-08-01,NIFTY_Bank_Aug2025.pdf,MONTH_END
2025-08-29,CANBK,Canara Bank,Financial Services,103.83,87385,2.42,2025-08-01,NIFTY_Bank_Aug2025.pdf,MONTH_END
2025-08-29,FEDERALBNK,Federal Bank Ltd.,Financial Services,191.71,117447,3.25,2025-08-01,NIFTY_Bank_Aug2025.pdf,MONTH_END
2025-08-29,HDFCBANK,HDFC Bank Ltd.,Financial Services,951.6,1033304,28.61,2025-08-01,NIFTY_Bank_Aug2025.pdf,MONTH_END
2025-08-29,ICICIBANK,ICICI Bank Ltd.,Financial Services,1397.8,940856,26.05,2025-08-01,NIFTY_Bank_Aug2025.pdf,MONTH_END
2025-08-29,IDFCFIRSTB,IDFC First Bank Ltd.,Financial Services,67.99,112163,3.11,2025-08-01,NIFTY_Bank_Aug2025.pdf,MONTH_END
2025-08-29,INDUSINDBK,IndusInd Bank Ltd.,Financial Services,739.5,121579,3.37,2025-08-01,NIFTY_Bank_Aug2025.pdf,MONTH_END
2025-08-29,KOTAKBANK,Kotak Mahindra Bank Ltd.,Financial Services,1960.3,292396,8.1,2025-08-01,NIFTY_Bank_Aug2025.pdf,MONTH_END
2025-08-29,PNB,Punjab National Bank,Financial Services,100.88,86831,2.4,2025-08-01,NIFTY_Bank_Aug2025.pdf,MONTH_END
2025-08-29,SBIN,State Bank of India,Financial Services,802.5,328900,9.11,2025-08-01,NIFTY_Bank_Aug2025.pdf,MONTH_END
2025-09-30,AUBANK,AU Small Finance Bank Ltd.,Financial Services,731.4,98700,2.67,2025-09-01,NIFTY_Bank_Sep2025.pdf,REBALANCE_EFFECTIVE
2025-09-30,AXISBANK,Axis Bank Ltd.,Financial Services,1131.6,324686,8.78,2025-09-01,NIFTY_Bank_Sep2025.pdf,REBALANCE_EFFECTIVE
2025-09-30,BANKBARODA,Bank of Baroda,Financial Services,258.54,114448,3.1,2025-09-01,NIFTY_Bank_Sep2025.pdf,REBALANCE_EFFECTIVE
2025-09-30,CANBK,Canara Bank,Financial Services,123.71,100012,2.71,2025-09-01,NIFTY_Bank_Sep2025.pdf,REBALANCE_EFFECTIVE
2025-09-30,FEDERALBNK,Federal Bank Ltd.,Financial Services,192.93,113717,3.08,2025-09-01,NIFTY_Bank_Sep2025.pdf,REBALANCE_EFFECTIVE
2025-09-30,HDFCBANK,HDFC Bank Ltd.,Financial Services,951.0,1053135,28.49,2025-09-01,NIFTY_Bank_Sep2025.pdf,REBALANCE_EFFECTIVE
2025-09-30,ICICIBANK,ICICI Bank Ltd.,Financial Services,1348.0,901174,24.38,2025-09-01,NIFTY_Bank_Sep2025.pdf,REBALANCE_EFFECTIVE
2025-09-30,IDFCFIRSTB,IDFC First Bank Ltd.,Financial Services,69.77,110643,2.99,2025-09-01,NIFTY_Bank_Sep2025.pdf,REBALANCE_EFFECTIVE
2025-09-30,INDUSINDBK,IndusInd Bank Ltd.,Financial Services,735.55,116167,3.14,2025-09-01,NIFTY_Bank_Sep2025.pdf,REBALANCE_EFFECTIVE
2025-09-30,KOTAKBANK,Kotak Mahindra Bank Ltd.,Financial Services,1992.7,331270,8.96,2025-09-01,NIFTY_Bank_Sep2025.pdf,REBALANCE_EFFECTIVE
2025-09-30,PNB,Punjab National Bank,Financial Services,112.83,93289,2.52,2025-09-01,NIFTY_Bank_Sep2025.pdf,REBALANCE_EFFECTIVE
2025-09-30,SBIN,State Bank of India,Financial Services,872.45,339120,9.17,2025-09-01,NIFTY_Bank_Sep2025.pdf,REBALANCE_EFFECTIVE
2025-10-31,AUBANK,AU Small Finance Bank Ltd.,Financial Services,877.85,118463,3.03,2025-10-01,NIFTY_Bank_Oct2025.pdf,MONTH_END
2025-10-31,AXISBANK,Axis Bank Ltd.,Financial Services,1232.8,353723,9.05,2025-10-01,NIFTY_Bank_Oct2025.pdf,MONTH_END
2025-10-31,BANKBARODA,Bank of Baroda,Financial Services,278.4,123239,3.15,2025-10-01,NIFTY_Bank_Oct2025.pdf,MONTH_END
2025-10-31,CANBK,Canara Bank,Financial Services,136.99,110748,2.83,2025-10-01,NIFTY_Bank_Oct2025.pdf,MONTH_END
2025-10-31,FEDERALBNK,Federal Bank Ltd.,Financial Services,236.61,139463,3.57,2025-10-01,NIFTY_Bank_Oct2025.pdf,MONTH_END
2025-10-31,HDFCBANK,HDFC Bank Ltd.,Financial Services,987.3,1093334,27.97,2025-10-01,NIFTY_Bank_Oct2025.pdf,MONTH_END
2025-10-31,ICICIBANK,ICICI Bank Ltd.,Financial Services,1345.3,899369,23.01,2025-10-01,NIFTY_Bank_Oct2025.pdf,MONTH_END
2025-10-31,IDFCFIRSTB,IDFC First Bank Ltd.,Financial Services,81.77,129673,3.32,2025-10-01,NIFTY_Bank_Oct2025.pdf,MONTH_END
2025-10-31,INDUSINDBK,IndusInd Bank Ltd.,Financial Services,794.8,125525,3.21,2025-10-01,NIFTY_Bank_Oct2025.pdf,MONTH_END
2025-10-31,KOTAKBANK,Kotak Mahindra Bank Ltd.,Financial Services,2102.2,349474,8.94,2025-10-01,NIFTY_Bank_Oct2025.pdf,MONTH_END
2025-10-31,PNB,Punjab National Bank,Financial Services,122.89,101606,2.6,2025-10-01,NIFTY_Bank_Oct2025.pdf,MONTH_END
2025-10-31,SBIN,State Bank of India,Financial Services,937.0,364211,9.32,2025-10-01,NIFTY_Bank_Oct2025.pdf,MONTH_END
2025-11-28,AUBANK,AU Small Finance Bank Ltd.,Financial Services,955.25,128908,3.19,2025-11-01,NIFTY_Bank_Nov2025.pdf,MONTH_END
2025-11-28,AXISBANK,Axis Bank Ltd.,Financial Services,1279.7,367179,9.1,2025-11-01,NIFTY_Bank_Nov2025.pdf,MONTH_END
2025-11-28,BANKBARODA,Bank of Baroda,Financial Services,289.8,128286,3.18,2025-11-01,NIFTY_Bank_Nov2025.pdf,MONTH_END
2025-11-28,CANBK,Canara Bank,Financial Services,151.58,122543,3.04,2025-11-01,NIFTY_Bank_Nov2025.pdf,MONTH_END
2025-11-28,FEDERALBNK,Federal Bank Ltd.,Financial Services,257.92,152024,3.77,2025-11-01,NIFTY_Bank_Nov2025.pdf,MONTH_END
2025-11-28,HDFCBANK,HDFC Bank Ltd.,Financial Services,1007.6,1115814,27.65,2025-11-01,NIFTY_Bank_Nov2025.pdf,MONTH_END
2025-11-28,ICICIBANK,ICICI Bank Ltd.,Financial Services,1388.8,928450,23.0,2025-11-01,NIFTY_Bank_Nov2025.pdf,MONTH_END
2025-11-28,IDFCFIRSTB,IDFC First Bank Ltd.,Financial Services,80.13,120618,2.99,2025-11-01,NIFTY_Bank_Nov2025.pdf,MONTH_END
2025-11-28,INDUSINDBK,IndusInd Bank Ltd.,Financial Services,858.55,135593,3.36,2025-11-01,NIFTY_Bank_Nov2025.pdf,MONTH_END
2025-11-28,KOTAKBANK,Kotak Mahindra Bank Ltd.,Financial Services,2124.4,353164,8.75,2025-11-01,NIFTY_Bank_Nov2025.pdf,MONTH_END
2025-11-28,PNB,Punjab National Bank,Financial Services,124.5,102937,2.55,2025-11-01,NIFTY_Bank_Nov2025.pdf,MONTH_END
2025-11-28,SBIN,State Bank of India,Financial Services,979.0,380536,9.43,2025-11-01,NIFTY_Bank_Nov2025.pdf,MONTH_END
2025-12-31,AUBANK,AU Small Finance Bank Ltd.,Financial Services,994.5,144916,3.6,2025-12-01,NIFTY_Bank_Dec2025.pdf,MONTH_END
2025-12-31,AXISBANK,Axis Bank Ltd.,Financial Services,1269.4,374035,9.29,2025-12-01,NIFTY_Bank_Dec2025.pdf,MONTH_END
2025-12-31,BANKBARODA,Bank of Baroda,Financial Services,295.9,140642,3.49,2025-12-01,NIFTY_Bank_Dec2025.pdf,MONTH_END
2025-12-31,CANBK,Canara Bank,Financial Services,154.91,134396,3.34,2025-12-01,NIFTY_Bank_Dec2025.pdf,MONTH_END
2025-12-31,FEDERALBNK,Federal Bank Ltd.,Financial Services,267.1,173571,4.31,2025-12-01,NIFTY_Bank_Dec2025.pdf,MONTH_END
2025-12-31,HDFCBANK,HDFC Bank Ltd.,Financial Services,991.2,1012503,25.14,2025-12-01,NIFTY_Bank_Dec2025.pdf,MONTH_END
2025-12-31,ICICIBANK,ICICI Bank Ltd.,Financial Services,1342.9,812140,20.17,2025-12-01,NIFTY_Bank_Dec2025.pdf,MONTH_END
2025-12-31,IDFCFIRSTB,IDFC First Bank Ltd.,Financial Services,85.61,144502,3.59,2025-12-01,NIFTY_Bank_Dec2025.pdf,MONTH_END
2025-12-31,INDUSINDBK,IndusInd Bank Ltd.,Financial Services,864.2,148617,3.69,2025-12-01,NIFTY_Bank_Dec2025.pdf,MONTH_END
2025-12-31,KOTAKBANK,Kotak Mahindra Bank Ltd.,Financial Services,2201.1,371566,9.23,2025-12-01,NIFTY_Bank_Dec2025.pdf,MONTH_END
2025-12-31,PNB,Punjab National Bank,Financial Services,123.58,114733,2.85,2025-12-01,NIFTY_Bank_Dec2025.pdf,MONTH_END
2025-12-31,SBIN,State Bank of India,Financial Services,982.2,387663,9.63,2025-12-01,NIFTY_Bank_Dec2025.pdf,MONTH_END
2025-12-31,UNIONBANK,Union Bank of India,Financial Services,153.76,32315,0.8,2025-12-01,NIFTY_Bank_Dec2025.pdf,MONTH_END
2025-12-31,YESBANK,Yes Bank Ltd.,Financial Services,21.6,35141,0.87,2025-12-01,NIFTY_Bank_Dec2025.pdf,MONTH_END
2026-01-30,AUBANK,AU Small Finance Bank Ltd.,Financial Services,982.35,149768,3.76,2026-01-01,NIFTY_Bank_Jan2026.pdf,MONTH_END
2026-01-30,AXISBANK,Axis Bank Ltd.,Financial Services,1370.4,400033,10.05,2026-01-01,NIFTY_Bank_Jan2026.pdf,MONTH_END
2026-01-30,BANKBARODA,Bank of Baroda,Financial Services,299.4,153694,3.86,2026-01-01,NIFTY_Bank_Jan2026.pdf,MONTH_END
2026-01-30,CANBK,Canara Bank,Financial Services,147.42,133209,3.35,2026-01-01,NIFTY_Bank_Jan2026.pdf,MONTH_END
2026-01-30,FEDERALBNK,Federal Bank Ltd.,Financial Services,287.75,199586,5.02,2026-01-01,NIFTY_Bank_Jan2026.pdf,MONTH_END
2026-01-30,HDFCBANK,HDFC Bank Ltd.,Financial Services,929.25,876320,22.02,2026-01-01,NIFTY_Bank_Jan2026.pdf,MONTH_END
2026-01-30,ICICIBANK,ICICI Bank Ltd.,Financial Services,1355.0,723331,18.18,2026-01-01,NIFTY_Bank_Jan2026.pdf,MONTH_END
2026-01-30,IDFCFIRSTB,IDFC First Bank Ltd.,Financial Services,83.58,150429,3.78,2026-01-01,NIFTY_Bank_Jan2026.pdf,MONTH_END
2026-01-30,INDUSINDBK,IndusInd Bank Ltd.,Financial Services,896.1,165207,4.15,2026-01-01,NIFTY_Bank_Jan2026.pdf,MONTH_END
2026-01-30,KOTAKBANK,Kotak Mahindra Bank Ltd.,Financial Services,408.0,352306,8.85,2026-01-01,NIFTY_Bank_Jan2026.pdf,MONTH_END
2026-01-30,PNB,Punjab National Bank,Financial Services,125.19,125798,3.16,2026-01-01,NIFTY_Bank_Jan2026.pdf,MONTH_END
2026-01-30,SBIN,State Bank of India,Financial Services,1077.15,414782,10.42,2026-01-01,NIFTY_Bank_Jan2026.pdf,MONTH_END
2026-01-30,UNIONBANK,Union Bank of India,Financial Services,180.76,67080,1.69,2026-01-01,NIFTY_Bank_Jan2026.pdf,MONTH_END
2026-01-30,YESBANK,Yes Bank Ltd.,Financial Services,21.41,68205,1.71,2026-01-01,NIFTY_Bank_Jan2026.pdf,MONTH_END
2026-02-27,AUBANK,AU Small Finance Bank Ltd.,Financial Services,958.35,159607,3.96,2026-02-01,NIFTY_Bank_Feb2026.pdf,MONTH_END
2026-02-27,AXISBANK,Axis Bank Ltd.,Financial Services,1383.9,400171,9.94,2026-02-01,NIFTY_Bank_Feb2026.pdf,MONTH_END
2026-02-27,BANKBARODA,Bank of Baroda,Financial Services,321.95,179238,4.45,2026-02-01,NIFTY_Bank_Feb2026.pdf,MONTH_END
2026-02-27,CANBK,Canara Bank,Financial Services,157.37,157155,3.9,2026-02-01,NIFTY_Bank_Feb2026.pdf,MONTH_END
2026-02-27,FEDERALBNK,Federal Bank Ltd.,Financial Services,299.85,223294,5.55,2026-02-01,NIFTY_Bank_Feb2026.pdf,MONTH_END
2026-02-27,HDFCBANK,HDFC Bank Ltd.,Financial Services,887.75,792934,19.69,2026-02-01,NIFTY_Bank_Feb2026.pdf,MONTH_END
2026-02-27,ICICIBANK,ICICI Bank Ltd.,Financial Services,1378.9,649527,16.13,2026-02-01,NIFTY_Bank_Feb2026.pdf,MONTH_END
2026-02-27,IDFCFIRSTB,IDFC First Bank Ltd.,Financial Services,73.48,145003,3.6,2026-02-01,NIFTY_Bank_Feb2026.pdf,MONTH_END
2026-02-27,INDUSINDBK,IndusInd Bank Ltd.,Financial Services,956.75,190095,4.72,2026-02-01,NIFTY_Bank_Feb2026.pdf,MONTH_END
2026-02-27,KOTAKBANK,Kotak Mahindra Bank Ltd.,Financial Services,415.2,368888,9.16,2026-02-01,NIFTY_Bank_Feb2026.pdf,MONTH_END
2026-02-27,PNB,Punjab National Bank,Financial Services,129.44,136877,3.4,2026-02-01,NIFTY_Bank_Feb2026.pdf,MONTH_END
2026-02-27,SBIN,State Bank of India,Financial Services,1201.7,429837,10.68,2026-02-01,NIFTY_Bank_Feb2026.pdf,MONTH_END
2026-02-27,UNIONBANK,Union Bank of India,Financial Services,202.27,101260,2.52,2026-02-01,NIFTY_Bank_Feb2026.pdf,MONTH_END
2026-02-27,YESBANK,Yes Bank Ltd.,Financial Services,20.72,92327,2.29,2026-02-01,NIFTY_Bank_Feb2026.pdf,MONTH_END
2026-03-30,AUBANK,AU Small Finance Bank Ltd.,Financial Services,842.7,150436,4.49,2026-03-01,NIFTY_Bank_Mar2026.pdf,REBALANCE_EFFECTIVE
2026-03-30,AXISBANK,Axis Bank Ltd.,Financial Services,1161.3,335051,10.01,2026-03-01,NIFTY_Bank_Mar2026.pdf,REBALANCE_EFFECTIVE
2026-03-30,BANKBARODA,Bank of Baroda,Financial Services,247.6,148834,4.45,2026-03-01,NIFTY_Bank_Mar2026.pdf,REBALANCE_EFFECTIVE
2026-03-30,CANBK,Canara Bank,Financial Services,123.45,135775,4.06,2026-03-01,NIFTY_Bank_Mar2026.pdf,REBALANCE_EFFECTIVE
2026-03-30,FEDERALBNK,Federal Bank Ltd.,Financial Services,259.4,206887,6.18,2026-03-01,NIFTY_Bank_Mar2026.pdf,REBALANCE_EFFECTIVE
2026-03-30,HDFCBANK,HDFC Bank Ltd.,Financial Services,731.55,636118,19.01,2026-03-01,NIFTY_Bank_Mar2026.pdf,REBALANCE_EFFECTIVE
2026-03-30,ICICIBANK,ICICI Bank Ltd.,Financial Services,1205.9,472342,14.11,2026-03-01,NIFTY_Bank_Mar2026.pdf,REBALANCE_EFFECTIVE
2026-03-30,IDFCFIRSTB,IDFC First Bank Ltd.,Financial Services,58.85,127174,3.8,2026-03-01,NIFTY_Bank_Mar2026.pdf,REBALANCE_EFFECTIVE
2026-03-30,INDUSINDBK,IndusInd Bank Ltd.,Financial Services,752.45,160561,4.8,2026-03-01,NIFTY_Bank_Mar2026.pdf,REBALANCE_EFFECTIVE
2026-03-30,KOTAKBANK,Kotak Mahindra Bank Ltd.,Financial Services,353.4,325761,9.73,2026-03-01,NIFTY_Bank_Mar2026.pdf,REBALANCE_EFFECTIVE
2026-03-30,PNB,Punjab National Bank,Financial Services,100.56,113111,3.38,2026-03-01,NIFTY_Bank_Mar2026.pdf,REBALANCE_EFFECTIVE
2026-03-30,SBIN,State Bank of India,Financial Services,979.4,332606,9.94,2026-03-01,NIFTY_Bank_Mar2026.pdf,REBALANCE_EFFECTIVE
2026-03-30,UNIONBANK,Union Bank of India,Financial Services,164.2,103505,3.09,2026-03-01,NIFTY_Bank_Mar2026.pdf,REBALANCE_EFFECTIVE
2026-03-30,YESBANK,Yes Bank Ltd.,Financial Services,17.25,98820,2.95,2026-03-01,NIFTY_Bank_Mar2026.pdf,REBALANCE_EFFECTIVE
2026-04-30,AUBANK,AU Small Finance Bank Ltd.,Financial Services,1015.95,181364,4.97,2026-04-01,NIFTY_Bank_Apr2026.pdf,MONTH_END
2026-04-30,AXISBANK,Axis Bank Ltd.,Financial Services,1268.3,365922,10.02,2026-04-01,NIFTY_Bank_Apr2026.pdf,MONTH_END
2026-04-30,BANKBARODA,Bank of Baroda,Financial Services,263.46,158368,4.34,2026-04-01,NIFTY_Bank_Apr2026.pdf,MONTH_END
2026-04-30,CANBK,Canara Bank,Financial Services,134.65,148093,4.05,2026-04-01,NIFTY_Bank_Apr2026.pdf,MONTH_END
2026-04-30,FEDERALBNK,Federal Bank Ltd.,Financial Services,286.95,228859,6.27,2026-04-01,NIFTY_Bank_Apr2026.pdf,MONTH_END
2026-04-30,HDFCBANK,HDFC Bank Ltd.,Financial Services,771.7,671030,18.37,2026-04-01,NIFTY_Bank_Apr2026.pdf,MONTH_END
2026-04-30,ICICIBANK,ICICI Bank Ltd.,Financial Services,1263.4,494865,13.55,2026-04-01,NIFTY_Bank_Apr2026.pdf,MONTH_END
2026-04-30,IDFCFIRSTB,IDFC First Bank Ltd.,Financial Services,69.64,150492,4.12,2026-04-01,NIFTY_Bank_Apr2026.pdf,MONTH_END
2026-04-30,INDUSINDBK,IndusInd Bank Ltd.,Financial Services,916.05,195471,5.35,2026-04-01,NIFTY_Bank_Apr2026.pdf,MONTH_END
2026-04-30,KOTAKBANK,Kotak Mahindra Bank Ltd.,Financial Services,383.3,353323,9.67,2026-04-01,NIFTY_Bank_Apr2026.pdf,MONTH_END
2026-04-30,PNB,Punjab National Bank,Financial Services,109.36,123010,3.37,2026-04-01,NIFTY_Bank_Apr2026.pdf,MONTH_END
2026-04-30,SBIN,State Bank of India,Financial Services,1068.45,362847,9.93,2026-04-01,NIFTY_Bank_Apr2026.pdf,MONTH_END
2026-04-30,UNIONBANK,Union Bank of India,Financial Services,165.94,104602,2.86,2026-04-01,NIFTY_Bank_Apr2026.pdf,MONTH_END
2026-04-30,YESBANK,Yes Bank Ltd.,Financial Services,19.93,114173,3.13,2026-04-01,NIFTY_Bank_Apr2026.pdf,MONTH_END
2026-05-29,AUBANK,AU Small Finance Bank Ltd.,Financial Services,984.7,175785,4.87,2026-05-01,NIFTY_Bank_May2026.pdf,MONTH_END
2026-05-29,AXISBANK,Axis Bank Ltd.,Financial Services,1286.6,371202,10.28,2026-05-01,NIFTY_Bank_May2026.pdf,MONTH_END
2026-05-29,BANKBARODA,Bank of Baroda,Financial Services,268.5,161397,4.47,2026-05-01,NIFTY_Bank_May2026.pdf,MONTH_END
2026-05-29,CANBK,Canara Bank,Financial Services,130.8,143859,3.98,2026-05-01,NIFTY_Bank_May2026.pdf,MONTH_END
2026-05-29,FEDERALBNK,Federal Bank Ltd.,Financial Services,288.95,230454,6.38,2026-05-01,NIFTY_Bank_May2026.pdf,MONTH_END
2026-05-29,HDFCBANK,HDFC Bank Ltd.,Financial Services,744.55,647422,17.93,2026-05-01,NIFTY_Bank_May2026.pdf,MONTH_END
2026-05-29,ICICIBANK,ICICI Bank Ltd.,Financial Services,1256.4,492123,13.63,2026-05-01,NIFTY_Bank_May2026.pdf,MONTH_END
2026-05-29,IDFCFIRSTB,IDFC First Bank Ltd.,Financial Services,71.32,154122,4.27,2026-05-01,NIFTY_Bank_May2026.pdf,MONTH_END
2026-05-29,INDUSINDBK,IndusInd Bank Ltd.,Financial Services,914.35,195108,5.4,2026-05-01,NIFTY_Bank_May2026.pdf,MONTH_END
2026-05-29,KOTAKBANK,Kotak Mahindra Bank Ltd.,Financial Services,384.2,354153,9.81,2026-05-01,NIFTY_Bank_May2026.pdf,MONTH_END
2026-05-29,PNB,Punjab National Bank,Financial Services,106.05,119287,3.3,2026-05-01,NIFTY_Bank_May2026.pdf,MONTH_END
2026-05-29,SBIN,State Bank of India,Financial Services,964.4,327512,9.07,2026-05-01,NIFTY_Bank_May2026.pdf,MONTH_END
2026-05-29,UNIONBANK,Union Bank of India,Financial Services,167.88,105825,2.93,2026-05-01,NIFTY_Bank_May2026.pdf,MONTH_END
2026-05-29,YESBANK,Yes Bank Ltd.,Financial Services,23.15,132619,3.67,2026-05-01,NIFTY_Bank_May2026.pdf,MONTH_END
2026-06-30,AUBANK,AU Small Finance Bank Ltd.,Financial Services,1037.05,173469,4.64,2026-06-01,NIFTY_Bank_Jun2026.pdf,MONTH_END
2026-06-30,AXISBANK,Axis Bank Ltd.,Financial Services,1345.7,358650,9.59,2026-06-01,NIFTY_Bank_Jun2026.pdf,MONTH_END
2026-06-30,BANKBARODA,Bank of Baroda,Financial Services,272.4,149528,4.0,2026-06-01,NIFTY_Bank_Jun2026.pdf,MONTH_END
2026-06-30,CANBK,Canara Bank,Financial Services,125.52,123944,3.31,2026-06-01,NIFTY_Bank_Jun2026.pdf,MONTH_END
2026-06-30,FEDERALBNK,Federal Bank Ltd.,Financial Services,330.05,249250,6.67,2026-06-01,NIFTY_Bank_Jun2026.pdf,MONTH_END
2026-06-30,HDFCBANK,HDFC Bank Ltd.,Financial Services,797.95,721884,19.3,2026-06-01,NIFTY_Bank_Jun2026.pdf,MONTH_END
2026-06-30,ICICIBANK,ICICI Bank Ltd.,Financial Services,1375.2,529364,14.16,2026-06-01,NIFTY_Bank_Jun2026.pdf,MONTH_END
2026-06-30,IDFCFIRSTB,IDFC First Bank Ltd.,Financial Services,79.49,162926,4.36,2026-06-01,NIFTY_Bank_Jun2026.pdf,MONTH_END
2026-06-30,INDUSINDBK,IndusInd Bank Ltd.,Financial Services,924.2,186513,4.99,2026-06-01,NIFTY_Bank_Jun2026.pdf,MONTH_END
2026-06-30,KOTAKBANK,Kotak Mahindra Bank Ltd.,Financial Services,392.25,348145,9.31,2026-06-01,NIFTY_Bank_Jun2026.pdf,MONTH_END
2026-06-30,PNB,Punjab National Bank,Financial Services,106.69,118694,3.17,2026-06-01,NIFTY_Bank_Jun2026.pdf,MONTH_END
2026-06-30,SBIN,State Bank of India,Financial Services,1026.9,374867,10.02,2026-06-01,NIFTY_Bank_Jun2026.pdf,MONTH_END
2026-06-30,UNIONBANK,Union Bank of India,Financial Services,172.43,109125,2.92,2026-06-01,NIFTY_Bank_Jun2026.pdf,MONTH_END
2026-06-30,YESBANK,Yes Bank Ltd.,Financial Services,24.18,133021,3.56,2026-06-01,NIFTY_Bank_Jun2026.pdf,MONTH_END
2026-07-31,AUBANK,AU Small Finance Bank Ltd.,Financial Services,1047.3,175184,4.71,2026-07-01,NIFTY_Bank_Jul2026.pdf,MONTH_END
2026-07-31,AXISBANK,Axis Bank Ltd.,Financial Services,1229.5,327681,8.81,2026-07-01,NIFTY_Bank_Jul2026.pdf,MONTH_END
2026-07-31,BANKBARODA,Bank of Baroda,Financial Services,242.6,133170,3.58,2026-07-01,NIFTY_Bank_Jul2026.pdf,MONTH_END
2026-07-31,CANBK,Canara Bank,Financial Services,124.98,123411,3.32,2026-07-01,NIFTY_Bank_Jul2026.pdf,MONTH_END
2026-07-31,FEDERALBNK,Federal Bank Ltd.,Financial Services,358.85,270999,7.29,2026-07-01,NIFTY_Bank_Jul2026.pdf,MONTH_END
2026-07-31,HDFCBANK,HDFC Bank Ltd.,Financial Services,748.15,676831,18.2,2026-07-01,NIFTY_Bank_Jul2026.pdf,MONTH_END
2026-07-31,ICICIBANK,ICICI Bank Ltd.,Financial Services,1435.4,552537,14.86,2026-07-01,NIFTY_Bank_Jul2026.pdf,MONTH_END
2026-07-31,IDFCFIRSTB,IDFC First Bank Ltd.,Financial Services,84.68,173563,4.67,2026-07-01,NIFTY_Bank_Jul2026.pdf,MONTH_END
2026-07-31,INDUSINDBK,IndusInd Bank Ltd.,Financial Services,1012.45,204323,5.5,2026-07-01,NIFTY_Bank_Jul2026.pdf,MONTH_END
2026-07-31,KOTAKBANK,Kotak Mahindra Bank Ltd.,Financial Services,390.3,346414,9.32,2026-07-01,NIFTY_Bank_Jul2026.pdf,MONTH_END
2026-07-31,PNB,Punjab National Bank,Financial Services,112.71,125392,3.37,2026-07-01,NIFTY_Bank_Jul2026.pdf,MONTH_END
2026-07-31,SBIN,State Bank of India,Financial Services,1027.4,375049,10.09,2026-07-01,NIFTY_Bank_Jul2026.pdf,MONTH_END
2026-07-31,UNIONBANK,Union Bank of India,Financial Services,171.24,108372,2.91,2026-07-01,NIFTY_Bank_Jul2026.pdf,MONTH_END
2026-07-31,YESBANK,Yes Bank Ltd.,Financial Services,22.77,125264,3.37,2026-07-01,NIFTY_Bank_Jul2026.pdf,MONTH_END
2026-08-31,AUBANK,AU Small Finance Bank Ltd.,Financial Services,1086.2,181691,4.82,2026-08-01,NIFTY_Bank_Aug2026.pdf,MONTH_END
2026-08-31,AXISBANK,Axis Bank Ltd.,Financial Services,1300.0,346470,9.2,2026-08-01,NIFTY_Bank_Aug2026.pdf,MONTH_END
2026-08-31,BANKBARODA,Bank of Baroda,Financial Services,238.6,130974,3.48,2026-08-01,NIFTY_Bank_Aug2026.pdf,MONTH_END
2026-08-31,CANBK,Canara Bank,Financial Services,126.9,125306,3.33,2026-08-01,NIFTY_Bank_Aug2026.pdf,MONTH_END
2026-08-31,FEDERALBNK,Federal Bank Ltd.,Financial Services,356.7,269376,7.15,2026-08-01,NIFTY_Bank_Aug2026.pdf,MONTH_END
2026-08-31,HDFCBANK,HDFC Bank Ltd.,Financial Services,709.0,641413,17.02,2026-08-01,NIFTY_Bank_Aug2026.pdf,MONTH_END
2026-08-31,ICICIBANK,ICICI Bank Ltd.,Financial Services,1454.0,559697,14.86,2026-08-01,NIFTY_Bank_Aug2026.pdf,MONTH_END
2026-08-31,IDFCFIRSTB,IDFC First Bank Ltd.,Financial Services,85.97,176207,4.68,2026-08-01,NIFTY_Bank_Aug2026.pdf,MONTH_END
2026-08-31,INDUSINDBK,IndusInd Bank Ltd.,Financial Services,1016.6,205160,5.45,2026-08-01,NIFTY_Bank_Aug2026.pdf,MONTH_END
2026-08-31,KOTAKBANK,Kotak Mahindra Bank Ltd.,Financial Services,419.4,372242,9.88,2026-08-01,NIFTY_Bank_Aug2026.pdf,MONTH_END
2026-08-31,PNB,Punjab National Bank,Financial Services,114.23,127083,3.37,2026-08-01,NIFTY_Bank_Aug2026.pdf,MONTH_END
2026-08-31,SBIN,State Bank of India,Financial Services,1060.0,386950,10.27,2026-08-01,NIFTY_Bank_Aug2026.pdf,MONTH_END
2026-08-31,UNIONBANK,Union Bank of India,Financial Services,188.63,119378,3.17,2026-08-01,NIFTY_Bank_Aug2026.pdf,MONTH_END
2026-08-31,YESBANK,Yes Bank Ltd.,Financial Services,22.83,125595,3.33,2026-08-01,NIFTY_Bank_Aug2026.pdf,MONTH_END
