,symbol,date,period_end,eps_actual,eps_forecast,revenue_actual,revenue_forecast,eps_surprise,revenue_surprise,reaction
0,AXISBANK,2026-10-15,2026-09-01,,17.5,,220.0,,,
1,AXISBANK,2026-07-18,2026-06-01,22.9,22.99,213.82,216.43,-0.39,-1.21,-5.46
2,AXISBANK,2026-04-25,2026-03-01,22.8,22.8,204.8,218.03,0.0,-6.07,-3.05
3,AXISBANK,2026-01-26,2025-12-01,20.9,18.77,205.12,208.98,11.35,-1.85,4.59
4,AXISBANK,2025-10-15,2025-09-01,17.72,16.27,323.1,199.35,8.91,62.08,1.66
5,AXISBANK,2025-07-17,2025-06-01,20.04,18.76,323.48,204.85,6.82,57.91,-5.91
6,AXISBANK,2025-04-24,2025-03-01,23.0,20.72,205.9,205.58,11.0,0.16,-3.36
7,AXISBANK,2025-01-16,2024-12-01,21.65,19.72,321.62,201.18,9.79,59.87,-3.48
8,AXISBANK,2024-10-17,2024-09-01,22.39,22.26,202.05,202.05,0.58,0.0,3.79
9,AXISBANK,2024-07-24,2024-06-01,19.5,19.59,192.32,190.29,-0.46,1.07,-6.91
10,AXISBANK,2024-04-24,2024-03-01,23.1,23.08,198.55,195.87,0.09,1.37,6.75
11,AXISBANK,2024-01-23,2023-12-01,19.7,19.75,180.87,180.75,-0.25,0.07,-5.52
12,AXISBANK,2023-10-25,2023-09-01,19.0,19.0,173.49,173.44,0.0,0.03,0.8
13,AXISBANK,2023-07-26,2023-06-01,18.8,18.85,170.46,170.44,-0.27,0.01,-0.27
14,AXISBANK,2023-04-27,2023-03-01,-18.6,-18.64,166.38,166.27,0.21,0.07,-3.11
15,AXISBANK,2023-01-23,2022-12-01,19.0,18.92,161.25,158.79,0.42,1.55,-2.19
16,AUBANK,2026-10-23,2026-09-01,,10.78,,35.51,,,
17,AUBANK,2026-07-25,2026-06-01,10.6,10.8,33.85,34.4,-1.85,-1.6,4.8
18,AUBANK,2026-04-27,2026-03-01,11.1,10.12,33.13,30.15,9.68,9.88,-4.02
19,AUBANK,2026-01-20,2025-12-01,8.9,8.9,30.65,30.51,0.0,0.46,-2.55
20,AUBANK,2025-10-17,2025-09-01,7.48,7.79,45.11,25.44,-3.98,77.32,8.35
21,AUBANK,2025-07-19,2025-06-01,7.8,6.86,28.55,26.16,13.7,9.14,-5.28
22,AUBANK,2025-04-22,2025-03-01,6.8,6.66,28.55,27.18,2.1,5.04,6.71
23,AUBANK,2025-01-24,2024-12-01,7.1,7.1,26.41,24.64,0.0,7.18,-3.25
24,AUBANK,2024-10-23,2024-09-01,7.7,7.03,26.12,23.93,9.53,9.15,1.12
25,AUBANK,2024-07-25,2024-06-01,6.79,6.65,24.66,24.66,2.11,0.0,-1.39
26,AUBANK,2024-04-24,2024-03-01,5.5,5.87,18.93,18.93,-6.3,0.0,-0.11
27,AUBANK,2024-01-25,2023-12-01,5.6,5.7,17.75,17.75,-1.75,0.0,-15.04
28,AUBANK,2023-10-18,2023-09-01,6.0,6.09,16.74,16.74,-1.48,0.0,-0.21
29,AUBANK,2023-08-30,2023-06-01,5.8,5.8,15.61,15.61,0.0,0.0,-1.08
30,AUBANK,2023-05-31,2023-03-01,6.4,6.32,15.46,15.46,1.27,0.0,-0.82
31,AUBANK,2023-01-30,2022-12-01,5.9,5.92,14.48,14.48,-0.34,0.0,2.48
32,BANKBARODA,2026-11-02,2026-09-01,,8.79,,166.39,,,
33,BANKBARODA,2026-07-24,2026-06-01,2.5,8.7,159.95,161.92,-71.26,-1.22,0.35
34,BANKBARODA,2026-05-08,2026-03-01,10.86,8.94,164.61,152.22,21.48,8.14,-1.61
35,BANKBARODA,2026-01-30,2025-12-01,9.77,8.86,154.0,158.79,10.27,-3.02,-7.52
36,BANKBARODA,2025-10-31,2025-09-01,9.3,8.14,168.03,151.38,14.25,11.0,6.76
37,BANKBARODA,2025-07-25,2025-06-01,8.78,8.27,161.1,135.73,6.17,18.69,-2.64
38,BANKBARODA,2025-05-06,2025-03-01,9.76,6.75,358.52,157.29,44.59,127.94,-9.89
39,BANKBARODA,2025-01-30,2024-12-01,9.35,8.37,151.86,140.47,11.71,8.11,-4.13
40,BANKBARODA,2024-10-25,2024-09-01,10.1,8.21,168.03,167.94,23.02,0.05,2.1
41,BANKBARODA,2024-07-31,2024-06-01,8.62,8.62,140.87,140.87,0.0,0.0,-1.95
42,BANKBARODA,2024-05-10,2024-03-01,9.45,9.45,159.84,159.84,0.0,0.0,-1.37
43,BANKBARODA,2024-01-30,2023-12-01,8.86,8.86,139.12,139.12,0.0,0.0,5.7
44,BANKBARODA,2023-11-03,2023-09-01,8.22,8.22,150.02,150.02,0.0,0.0,-2.15
45,BANKBARODA,2023-08-06,2023-06-01,7.87,7.87,143.19,143.19,0.0,0.0,-1.02
46,BANKBARODA,2023-05-16,2023-03-01,9.22,9.35,149.91,148.73,-1.39,0.79,1.12
47,BANKBARODA,2023-02-03,2022-12-01,7.45,7.41,143.7,141.21,0.54,1.76,8.99
48,CANBK,2026-10-29,2026-09-01,,3.52,,164.07,,,
49,CANBK,2026-07-27,2026-06-01,5.4,4.44,169.43,156.14,21.62,8.51,-1.12
50,CANBK,2026-05-11,2026-03-01,5.0,5.05,146.32,163.71,-0.99,-10.62,-3.22
51,CANBK,2026-01-29,2025-12-01,5.7,5.78,171.52,173.81,-1.38,-1.32,-6.54
52,CANBK,2025-10-30,2025-09-01,5.3,4.52,161.95,149.9,17.26,8.04,6.38
53,CANBK,2025-07-24,2025-06-01,5.54,4.8,315.23,133.2,15.42,136.66,2.75
54,CANBK,2025-05-08,2025-03-01,5.5,4.56,157.93,151.91,20.61,3.96,4.24
55,CANBK,2025-01-27,2024-12-01,4.5,4.57,149.51,145.88,-1.53,2.49,-5.1
56,CANBK,2024-10-29,2024-09-01,4.4,4.22,142.96,142.98,4.27,-0.01,2.65
57,CANBK,2024-07-25,2024-06-01,4.3,4.06,144.85,144.86,5.91,-0.01,1.24
58,CANBK,2024-05-08,2024-03-01,4.14,4.14,147.98,147.98,0.0,0.0,-5.42
59,CANBK,2024-01-24,2023-12-01,4.03,4.03,137.12,137.11,0.0,0.01,2.06
60,CANBK,2023-10-26,2023-09-01,3.98,3.98,135.38,135.38,0.0,0.0,7.65
61,CANBK,2023-07-24,2023-06-01,3.9,3.9,134.85,134.84,0.0,0.01,-1.57
62,CANBK,2023-05-08,2023-03-01,3.5,3.52,133.92,133.92,-0.57,0.0,-4.93
63,CANBK,2023-01-23,2022-12-01,3.18,3.23,125.86,123.22,-1.55,2.14,0.38
64,PNB,2026-10-22,2026-09-01,,3.65,,150.73,,,
65,PNB,2026-07-18,2026-06-01,4.59,3.12,151.32,150.44,47.12,0.58,5.66
66,PNB,2026-05-05,2026-03-01,4.55,4.13,145.42,157.34,10.17,-7.58,1.38
67,PNB,2026-01-19,2025-12-01,4.4,4.2,155.55,153.75,4.76,1.17,-4.98
68,PNB,2025-10-18,2025-09-01,4.46,3.9,325.13,151.63,14.36,114.42,3.87
69,PNB,2025-07-30,2025-06-01,1.5,3.79,158.46,133.53,-60.42,18.67,-3.58
70,PNB,2025-05-07,2025-03-01,4.0,3.96,154.73,156.45,1.01,-1.1,-3.29
71,PNB,2025-01-31,2024-12-01,3.92,3.76,144.42,145.5,4.26,-0.74,2.93
72,PNB,2024-10-28,2024-09-01,3.9,3.18,150.89,143.5,22.64,5.15,5.86
73,PNB,2024-07-27,2024-06-01,3.0,2.94,140.88,140.88,2.04,0.0,5.88
74,PNB,2024-05-09,2024-03-01,2.7,2.71,146.11,146.1,-0.37,0.01,-0.72
75,PNB,2024-01-25,2023-12-01,2.0,2.01,129.67,129.67,-0.5,0.0,5.19
76,PNB,2023-10-26,2023-09-01,1.6,1.6,129.51,129.51,0.0,0.0,5.25
77,PNB,2023-07-26,2023-06-01,1.1,1.12,129.38,129.38,-1.79,0.0,2.8
78,PNB,2023-05-19,2023-03-01,1.1,1.09,129.19,126.31,0.92,2.28,4.33
79,PNB,2023-01-30,2022-12-01,0.6,0.59,125.17,117.89,1.69,6.18,5.41
80,BANDHANBNK,2026-10-23,2026-09-01,,4.74,,37.39,,,
81,BANDHANBNK,2026-07-21,2026-06-01,3.1,3.47,35.24,34.11,-10.66,3.31,-17.9
82,BANDHANBNK,2026-04-28,2026-03-01,3.3,2.56,35.66,34.71,28.91,2.74,9.03
83,BANDHANBNK,2026-01-22,2025-12-01,1.3,1.83,33.79,35.19,-28.96,-3.98,8.23
84,BANDHANBNK,2025-10-30,2025-09-01,0.7,2.31,31.35,31.8,-69.7,-1.42,-9.1
85,BANDHANBNK,2025-07-18,2025-06-01,2.31,2.56,54.76,32.17,-9.77,70.22,-1.59
86,BANDHANBNK,2025-04-30,2025-03-01,2.0,3.79,34.56,35.86,-47.23,-3.63,-3.67
87,BANDHANBNK,2025-01-31,2024-12-01,2.65,5.05,39.26,36.72,-47.52,6.92,2.12
88,BANDHANBNK,2024-10-25,2024-09-01,5.82,5.47,35.43,35.0,6.4,1.23,2.3
89,BANDHANBNK,2024-07-25,2024-06-01,6.6,4.86,60.63,32.48,35.8,86.67,2.34
90,BANDHANBNK,2024-05-16,2024-03-01,0.34,0.34,58.83,58.83,0.0,0.0,-4.61
91,BANDHANBNK,2024-02-08,2023-12-01,4.55,4.55,52.11,52.11,0.0,0.0,-0.02
92,BANDHANBNK,2023-10-27,2023-09-01,4.5,4.49,29.84,29.84,0.22,0.0,1.04
93,BANDHANBNK,2023-07-24,2023-06-01,4.48,4.49,28.8,28.8,-0.22,0.0,0.09
94,BANDHANBNK,2023-05-19,2023-03-01,5.0,5.01,31.01,30.59,-0.2,1.37,-0.68
95,BANDHANBNK,2023-01-20,2022-12-01,1.8,1.8,31.14,31.13,0.0,0.03,4.95
96,FEDERALBNK,2026-10-16,2026-09-01,,4.85,,42.41,,,
97,FEDERALBNK,2026-07-17,2026-06-01,4.6,4.63,39.94,38.82,-0.65,2.89,7.39
98,FEDERALBNK,2026-04-28,2026-03-01,5.05,4.93,43.18,38.49,2.43,12.18,-3.16
99,FEDERALBNK,2026-01-15,2025-12-01,4.79,4.07,37.53,36.62,17.69,2.48,9.48
100,FEDERALBNK,2025-10-17,2025-09-01,3.85,3.53,35.77,34.51,9.07,3.65,5.86
101,FEDERALBNK,2025-08-01,2025-06-01,3.47,3.78,34.5,33.41,-8.2,3.26,-2.95
102,FEDERALBNK,2025-04-30,2025-03-01,4.4,4.1,71.08,33.28,7.32,113.58,-6.75
103,FEDERALBNK,2025-01-27,2024-12-01,3.85,4.28,33.48,29.9,-10.05,11.97,-2.13
104,FEDERALBNK,2024-10-28,2024-09-01,4.27,4.13,33.31,33.31,3.39,0.0,7.76
105,FEDERALBNK,2024-07-23,2024-06-01,4.1,4.11,32.07,28.97,-0.24,10.7,4.3
106,FEDERALBNK,2024-05-02,2024-03-01,3.68,3.68,29.49,29.49,0.0,0.0,2.06
107,FEDERALBNK,2024-01-15,2023-12-01,4.11,4.11,29.86,29.86,0.0,0.0,-0.93
108,FEDERALBNK,2023-10-16,2023-09-01,4.12,4.12,27.87,27.87,0.0,0.0,-0.67
109,FEDERALBNK,2023-07-12,2023-06-01,3.98,3.98,26.51,26.51,0.0,0.0,-6.11
110,FEDERALBNK,2023-05-08,2023-03-01,4.21,4.21,26.43,26.43,0.0,0.0,0.63
111,FEDERALBNK,2023-01-15,2022-12-01,3.75,3.75,24.91,24.91,0.0,0.0,1.34
112,INDUSINDBK,2026-10-21,2026-09-01,,9.58,,64.09,,,
113,INDUSINDBK,2026-07-22,2026-06-01,12.86,9.14,64.7,59.32,40.7,9.07,-5.45
114,INDUSINDBK,2026-04-23,2026-03-01,6.84,4.21,60.78,61.83,62.47,-1.7,-2.55
115,INDUSINDBK,2026-01-22,2025-12-01,2.0,1.17,62.68,61.23,70.94,2.37,-1.62
116,INDUSINDBK,2025-10-18,2025-09-01,-5.61,5.6,116.09,63.94,-200.18,81.56,1.17
117,INDUSINDBK,2025-07-27,2025-06-01,8.78,7.75,67.96,66.82,13.29,1.71,-2.63
118,INDUSINDBK,2025-05-20,2025-03-01,-28.7,17.18,37.57,72.79,-267.05,-48.39,-1.8
119,INDUSINDBK,2025-01-31,2024-12-01,18.0,18.62,128.01,78.57,-3.33,62.92,5.47
120,INDUSINDBK,2024-10-24,2024-09-01,17.0,28.4,75.31,67.65,-40.14,11.32,-18.26
121,INDUSINDBK,2024-07-25,2024-06-01,27.7,27.77,78.49,81.28,-0.25,-3.43,0.52
122,INDUSINDBK,2024-04-25,2024-03-01,30.1,30.1,76.91,76.91,0.0,0.0,-1.92
123,INDUSINDBK,2024-01-17,2023-12-01,29.5,29.5,76.91,76.91,0.0,0.0,-3.25
124,INDUSINDBK,2023-10-17,2023-09-01,28.31,28.31,73.59,73.59,0.0,0.0,-1.8
125,INDUSINDBK,2023-07-17,2023-06-01,27.33,27.33,70.77,70.77,0.0,0.0,0.96
126,INDUSINDBK,2023-04-20,2023-03-01,26.3,26.24,68.2,68.78,0.23,-0.84,-0.36
127,INDUSINDBK,2023-01-18,2022-12-01,25.29,25.29,65.72,65.72,0.0,0.0,-2.42
128,IDFCFIRSTB,2026-10-26,2026-09-01,,1.15,,85.51,,,
129,IDFCFIRSTB,2026-07-25,2026-06-01,1.25,0.74,82.81,80.11,68.92,3.37,5.06
130,IDFCFIRSTB,2026-04-25,2026-03-01,0.4,0.56,73.07,79.2,-28.57,-7.74,4.52
131,IDFCFIRSTB,2026-01-31,2025-12-01,0.6,0.705,76.17,73.67,-14.89,3.39,-1.85
132,IDFCFIRSTB,2025-10-18,2025-09-01,0.35,0.653,99.37,70.65,-46.43,40.65,7.03
133,IDFCFIRSTB,2025-07-26,2025-06-01,0.6,0.57,71.6,64.88,5.26,10.36,0.03
134,IDFCFIRSTB,2025-04-26,2025-03-01,0.41,0.815,68.03,69.05,-49.69,-1.48,0.64
135,IDFCFIRSTB,2025-01-25,2024-12-01,0.5,0.66,66.82,67.14,-24.24,-0.48,-8.9
136,IDFCFIRSTB,2024-10-26,2024-09-01,0.3,0.88,65.15,65.96,-65.91,-1.23,2.49
137,IDFCFIRSTB,2024-07-27,2024-06-01,0.9,0.83,63.14,63.08,8.43,0.1,0.47
138,IDFCFIRSTB,2024-04-27,2024-03-01,1.01,1.09,61.11,61.11,-7.34,0.0,-3.71
139,IDFCFIRSTB,2024-01-20,2023-12-01,1.01,1.02,58.03,56.89,-0.98,2.0,-4.55
140,IDFCFIRSTB,2023-10-28,2023-09-01,1.1,1.11,53.8,53.8,-0.9,0.0,-3.31
141,IDFCFIRSTB,2023-07-29,2023-06-01,1.15,1.15,51.59,51.59,0.0,0.0,3.87
142,IDFCFIRSTB,2023-04-29,2023-03-01,1.23,1.23,49.94,49.93,0.0,0.02,3.91
143,IDFCFIRSTB,2023-01-21,2022-12-01,0.965,0.97,44.38,44.39,-0.52,-0.02,-0.08
144,UNIONBANK,2026-11-04,2026-09-01,,6.05,,148.08,,,
145,UNIONBANK,2026-07-15,2026-06-01,7.0,5.3,146.4,142.78,32.08,2.54,-1.11
146,UNIONBANK,2026-04-23,2026-03-01,7.0,5.4,148.18,144.56,29.63,2.5,-8.79
147,UNIONBANK,2026-01-14,2025-12-01,6.6,5.39,138.69,138.74,22.45,-0.04,5.99
148,UNIONBANK,2025-10-30,2025-09-01,5.6,5.14,138.08,132.61,8.95,4.12,1.75
149,UNIONBANK,2025-07-19,2025-06-01,5.8,5.5,274.75,116.79,5.45,135.25,-2.61
150,UNIONBANK,2025-05-08,2025-03-01,6.5,,150.73,140.94,,6.95,3.74
151,UNIONBANK,2025-01-27,2024-12-01,6.06,4.4,271.35,136.62,37.73,98.62,3.05
152,UNIONBANK,2024-10-21,2024-09-01,6.2,4.75,143.78,143.81,30.53,-0.02,-2.66
153,UNIONBANK,2024-07-19,2024-06-01,4.8,4.7,139.2,110.17,2.13,26.35,-2.6
154,UNIONBANK,2024-05-10,2024-03-01,4.36,4.47,141.4,141.36,-2.46,0.03,-4.01
155,UNIONBANK,2024-01-20,2023-12-01,4.8,4.78,129.41,125.32,0.42,3.26,2.98
156,UNIONBANK,2023-10-27,2023-09-01,4.7,4.82,128.21,123.23,-2.49,4.04,5.22
157,UNIONBANK,2023-07-20,2023-06-01,4.7,4.7,127.43,125.01,0.0,1.94,6.23
158,UNIONBANK,2023-05-06,2023-03-01,4.1,4.1,135.2,135.2,0.0,0.0,-3.27
159,UNIONBANK,2023-01-20,2022-12-01,3.1,3.3,118.99,114.8,-6.06,3.65,-0.12
160,YESBANK,2026-10-19,2026-09-01,,0.365,,,,,
161,YESBANK,2026-07-17,2026-06-01,0.34,0.24,98.42,41.24,41.67,138.65,-3.45
162,YESBANK,2026-04-19,2026-03-01,0.34,0.31,93.81,44.77,9.68,109.54,-1.73
163,YESBANK,2026-01-18,2025-12-01,0.3,0.26,40.98,41.34,15.38,-0.87,-2.98
164,YESBANK,2025-10-20,2025-09-01,0.21,0.2,39.45,40.34,5.0,-2.21,2.25
165,YESBANK,2025-07-19,2025-06-01,0.25,0.2,93.48,37.93,25.0,146.45,-0.05
166,YESBANK,2025-04-20,2025-03-01,0.23,0.255,93.55,43.89,-9.8,113.15,4.04
167,YESBANK,2025-01-27,2024-12-01,0.2,0.23,37.36,39.92,-13.04,-6.41,0.71
168,YESBANK,2024-10-25,2024-09-01,0.18,0.173,36.07,38.76,4.35,-6.94,2.6
169,YESBANK,2024-07-21,2024-06-01,0.16,0.15,34.43,35.83,6.67,-3.91,3.63
170,YESBANK,2024-04-28,2024-03-01,0.15,0.15,90.16,90.16,0.0,0.0,3.63
171,YESBANK,2024-01-29,2023-12-01,0.08,0.09,32.11,32.11,-11.11,0.0,-3.82
172,YESBANK,2023-10-20,2023-09-01,0.08,0.08,31.35,31.35,0.0,0.0,-4.11
173,YESBANK,2023-07-21,2023-06-01,0.12,0.12,75.84,75.84,0.0,0.0,-1.69
174,YESBANK,2023-04-28,2023-03-01,0.1,0.09,31.88,31.88,11.11,0.0,2.24
175,YESBANK,2023-01-22,2022-12-01,0.02,0.02,31.14,31.14,0.0,0.0,-8.1
176,HDFCBANK,2026-10-19,2026-09-01,,,,,,,
177,HDFCBANK,2026-07-18,2026-06-01,12.4,12.6,463.56,472.33,-1.59,-1.86,-5.12
178,HDFCBANK,2026-04-18,2026-03-01,12.5,12.31,462.81,471.51,1.54,-1.85,-0.56
179,HDFCBANK,2026-01-17,2025-12-01,12.1,11.95,458.69,456.7,1.26,0.44,-0.34
180,HDFCBANK,2025-10-18,2025-09-01,12.1,11.34,459.02,437.19,6.7,4.99,0.04
181,HDFCBANK,2025-07-19,2025-06-01,11.85,22.79,531.68,422.22,-48.0,25.92,2.2
182,HDFCBANK,2025-04-19,2025-03-01,11.5,22.43,440.94,434.98,-48.73,1.37,1.07
183,HDFCBANK,2025-01-22,2024-12-01,10.95,22.2,421.07,428.35,-50.68,-1.7,1.37
184,HDFCBANK,2024-10-19,2024-09-01,11.0,21.3,415.97,378.24,-48.36,9.98,2.79
185,HDFCBANK,2024-07-20,2024-06-01,10.64,21.2,405.05,400.41,-49.81,1.16,2.19
186,HDFCBANK,2024-04-15,2024-03-01,10.85,21.75,472.43,472.38,-50.11,0.01,-0.64
187,HDFCBANK,2024-01-16,2023-12-01,10.8,21.66,396.08,390.78,-50.14,1.36,-8.09
188,HDFCBANK,2023-10-16,2023-09-01,10.51,21.07,380.93,374.63,-50.12,1.68,0.35
189,HDFCBANK,2023-07-17,2023-06-01,10.5,21.14,328.29,327.68,-50.33,0.19,2.01
190,HDFCBANK,2023-04-15,2023-03-01,10.8,21.63,320.83,320.83,-50.07,0.0,-1.52
191,HDFCBANK,2023-01-14,2022-12-01,11.0,21.99,314.88,314.79,-49.98,0.03,-0.96
192,ICICIBANK,2026-10-19,2026-09-01,,,,,,,
193,ICICIBANK,2026-07-18,2026-06-01,20.62,18.83,329.6,315.18,9.51,4.58,1.1
194,ICICIBANK,2026-04-18,2026-03-01,19.1,17.95,302.88,305.81,6.41,-0.96,0.7
195,ICICIBANK,2026-01-17,2025-12-01,15.8,17.49,293.0,298.65,-9.66,-1.89,-2.14
196,ICICIBANK,2025-10-18,2025-09-01,18.42,17.03,481.81,289.41,8.16,66.48,-3.22
197,ICICIBANK,2025-07-19,2025-06-01,17.9,16.75,301.39,271.68,6.87,10.94,2.81
198,ICICIBANK,2025-04-19,2025-03-01,17.7,16.23,284.53,278.18,9.06,2.28,0.22
199,ICICIBANK,2025-01-25,2024-12-01,16.7,16.28,274.39,252.59,2.58,8.63,1.55
200,ICICIBANK,2024-10-26,2024-09-01,16.7,16.7,272.25,245.51,0.0,10.89,2.98
201,ICICIBANK,2024-07-27,2024-06-01,15.7,15.62,265.55,265.58,0.51,-0.01,0.46
202,ICICIBANK,2024-04-27,2024-03-01,15.2,15.17,247.42,247.3,0.2,0.05,4.72
203,ICICIBANK,2024-01-20,2023-12-01,14.6,14.6,247.76,247.77,0.0,-0.0,2.99
204,ICICIBANK,2023-10-21,2023-09-01,14.6,14.57,240.85,240.84,0.21,0.0,-0.3
205,ICICIBANK,2023-07-22,2023-06-01,13.8,13.76,236.62,236.4,0.29,0.09,-0.5
206,ICICIBANK,2023-04-22,2023-03-01,13.06,13.01,227.55,225.42,0.38,0.94,2.16
207,ICICIBANK,2023-01-21,2022-12-01,11.9,11.9,214.89,214.89,0.0,0.0,0.16
208,SBIN,2026-11-05,2026-09-01,,,,,,,
209,SBIN,2026-08-06,2026-06-01,22.88,19.86,629.15,587.33,15.21,7.12,4.0
210,SBIN,2026-05-08,2026-03-01,21.32,20.75,616.94,663.4,2.75,-7.0,-10.84
211,SBIN,2026-02-06,2025-12-01,22.78,19.0,635.49,595.49,19.89,6.72,6.75
212,SBIN,2025-11-03,2025-09-01,22.0,19.16,583.1,564.62,14.82,3.27,2.2
213,SBIN,2025-08-07,2025-06-01,21.47,17.84,584.18,566.22,20.35,3.17,-0.11
214,SBIN,2025-05-21,2025-03-01,21.96,18.89,1270.0,587.04,16.25,116.34,-0.05
215,SBIN,2025-02-05,2024-12-01,18.93,17.89,524.86,502.4,5.81,4.47,-3.46
216,SBIN,2024-11-08,2024-09-01,20.54,17.16,568.9,502.48,19.7,13.22,-1.39
217,SBIN,2024-08-14,2024-06-01,19.09,18.84,522.87,510.86,1.33,2.35,1.82
218,SBIN,2024-05-09,2024-03-01,23.2,23.19,590.22,590.24,0.04,-0.0,0.81
219,SBIN,2024-02-03,2023-12-01,10.3,10.27,512.75,512.77,0.29,-0.0,-1.03
220,SBIN,2023-11-04,2023-09-01,16.1,16.08,502.91,502.92,0.12,-0.0,-0.66
221,SBIN,2023-08-04,2023-06-01,18.9,18.92,509.68,509.71,-0.11,-0.01,-3.83
222,SBIN,2023-05-17,2023-03-01,18.7,18.71,543.54,1070.0,-0.05,-49.16,-2.06
223,SBIN,2023-02-03,2022-12-01,15.9,15.92,495.36,495.35,-0.13,0.0,3.28
224,KOTAKBANK,2026-10-19,2026-09-01,,,,,,,
225,KOTAKBANK,2026-07-18,2026-06-01,4.1,4.06,112.67,111.02,0.99,1.49,-2.03
226,KOTAKBANK,2026-05-02,2026-03-01,4.0,3.53,109.92,111.14,13.31,-1.1,-3.04
227,KOTAKBANK,2026-01-24,2025-12-01,3.5,3.4,104.02,104.35,2.94,-0.32,-3.33
228,KOTAKBANK,2025-10-25,2025-09-01,3.28,16.3,99.0,94.96,-79.88,4.25,-1.76
229,KOTAKBANK,2025-07-26,2025-06-01,3.3,17.16,103.39,98.02,-80.77,5.48,-7.44
230,KOTAKBANK,2025-05-03,2025-03-01,3.58,23.23,104.66,105.35,-84.59,-0.65,-4.59
231,KOTAKBANK,2025-01-18,2024-12-01,3.32,17.89,98.19,101.19,-81.44,-2.96,9.21
232,KOTAKBANK,2024-10-19,2024-09-01,3.36,17.27,97.04,88.57,-80.54,9.56,-4.37
233,KOTAKBANK,2024-07-20,2024-06-01,6.28,31.34,97.71,94.05,-79.96,3.89,-3.52
234,KOTAKBANK,2024-05-04,2024-03-01,4.16,21.21,98.88,97.6,-80.39,1.31,5.02
235,KOTAKBANK,2024-01-20,2023-12-01,3.02,15.08,88.51,88.53,-79.97,-0.02,1.14
236,KOTAKBANK,2023-10-21,2023-09-01,3.21,16.06,86.11,86.1,-80.01,0.01,-1.63
237,KOTAKBANK,2023-07-22,2023-06-01,3.48,17.33,89.17,89.17,-79.92,0.0,-3.7
238,KOTAKBANK,2023-04-29,2023-03-01,3.48,17.44,82.89,82.89,-80.05,0.0,-0.87
239,KOTAKBANK,2023-01-21,2022-12-01,2.81,13.98,77.53,77.43,-79.9,0.13,1.18
