event_id,symbol,event_date,t0_date,t1_date,regime_t0,regime_t1,eps_actual,eps_forecast,eps_surprise,revenue_actual,revenue_forecast,revenue_surprise,constituent_weight_t0,constituent_weight_t1,constituent_t0_movement_points,constituent_t0_abs_movement_points,constituent_t0_return_pct,constituent_t0_abs_return_pct,banknifty_t0_movement_points,banknifty_t0_abs_movement_points,banknifty_t0_return_pct,banknifty_t0_abs_return_pct,banknifty_t1_movement_points,banknifty_t1_abs_movement_points,banknifty_t1_return_pct,banknifty_t1_abs_return_pct,direction_target
FEDERALBNK_20230115,FEDERALBNK,2023-01-15,2023-01-16,2023-01-17,R1,R1,3.75,3.75,0.0,24.91,24.91,0.0,2.3613575030149225,2.406083549456927,1.0262877418459766,1.0262877418459766,0.7540416888745455,0.7540416888745455,-454.9499999999971,454.9499999999971,-1.0673939820517264,1.0673939820517264,-6.149999999994179,6.149999999994179,-0.014559245475967016,0.014559245475967016,0
HDFCBANK_20230114,HDFCBANK,2023-01-14,2023-01-16,2023-01-17,R1,R1,11.0,21.99,-49.98,314.88,314.79,0.03,30.01340842725749,29.63931546974657,-14.058146304359752,14.058146304359752,-1.839006264512387,1.839006264512387,-454.9499999999971,454.9499999999971,-1.0673939820517264,1.0673939820517264,-6.149999999994179,6.149999999994179,-0.014559245475967016,0.014559245475967016,0
INDUSINDBK_20230118,INDUSINDBK,2023-01-18,2023-01-18,2023-01-19,R1,R1,25.29,25.29,0.0,65.72,65.72,0.0,5.460958812365809,5.546650938864839,-8.790352472787163,8.790352472787163,-0.7305194805194771,0.7305194805194771,186.1999999999971,186.1999999999971,0.4404827804824897,0.4404827804824897,-87.45000000000437,87.45000000000437,-0.2061707409651581,0.2061707409651581,0
BANDHANBNK_20230120,BANDHANBNK,2023-01-20,2023-01-20,2023-01-23,R1,R1,1.8,1.8,0.0,31.14,31.13,0.03,1.667566429660279,1.6069935449581858,0.7748373679112035,0.7748373679112035,0.33847589266335026,0.33847589266335026,-9.25,9.25,-0.021756489608042138,0.021756489608042138,-70.19999999999709,70.19999999999709,-0.16366898297911844,0.16366898297911844,0
KOTAKBANK_20230121,KOTAKBANK,2023-01-21,2023-01-23,2023-01-24,R1,R1,2.81,13.98,-79.9,77.53,77.43,0.13,10.399482031500778,10.516126163066277,-1.2440197736797813,1.2440197736797813,-0.34916201117319073,0.34916201117319073,-70.19999999999709,70.19999999999709,-0.16366898297911844,0.16366898297911844,-261.0,261.0,-0.6070550966461951,0.6070550966461951,0
ICICIBANK_20230121,ICICIBANK,2023-01-21,2023-01-23,2023-01-24,R1,R1,11.9,11.9,0.0,214.89,214.89,0.0,23.64892772739448,23.62486808579377,-9.9671174829233,9.9671174829233,-1.1677990694975982,1.1677990694975982,-70.19999999999709,70.19999999999709,-0.16366898297911844,0.16366898297911844,-261.0,261.0,-0.6070550966461951,0.6070550966461951,0
AXISBANK_20230123,AXISBANK,2023-01-23,2023-01-23,2023-01-24,R1,R1,19.0,18.92,0.42,161.25,158.79,1.55,9.847141150603486,10.069310825872485,-3.2887325514499253,3.2887325514499253,-0.35256279839409127,0.35256279839409127,-70.19999999999709,70.19999999999709,-0.16366898297911844,0.16366898297911844,-261.0,261.0,-0.6070550966461951,0.6070550966461951,0
IDFCFIRSTB_20230121,IDFCFIRSTB,2023-01-21,2023-01-23,2023-01-24,R1,R1,0.965,0.97,-0.52,44.38,44.39,-0.02,1.5394139649068928,1.5492346334951177,-2.1864005067231673,2.1864005067231673,-3.577237012909674,3.577237012909674,-70.19999999999709,70.19999999999709,-0.16366898297911844,0.16366898297911844,-261.0,261.0,-0.6070550966461951,0.6070550966461951,0
AUBANK_20230130,AUBANK,2023-01-30,2023-01-30,2023-01-31,R1,R1,5.9,5.92,-0.34,14.48,14.48,0.0,2.5244190496447176,2.49,2.238555643927157,2.238555643927157,0.372516556291385,0.372516556291385,531.2999999999956,531.2999999999956,1.333043959338761,1.333043959338761,91.20000000000437,91.20000000000437,0.22483072982471924,0.22483072982471924,1
PNB_20230130,PNB,2023-01-30,2023-01-30,2023-01-31,R1,R1,0.6,0.59,1.69,125.17,117.89,6.18,1.3950716631979263,1.33,-0.36858106801506807,0.36858106801506807,-0.7827744092481954,0.7827744092481954,531.2999999999956,531.2999999999956,1.333043959338761,1.333043959338761,91.20000000000437,91.20000000000437,0.22483072982471924,0.22483072982471924,1
BANKBARODA_20230203,BANKBARODA,2023-02-03,2023-02-03,2023-02-06,R1,R1,7.45,7.41,0.54,143.7,141.21,1.76,2.503156044063182,2.43123203926216,5.838352488096376,5.838352488096376,4.203825543640518,4.203825543640518,480.34999999999854,480.34999999999854,1.171032695544904,1.171032695544904,-155.5,155.5,-0.37442677187537243,0.37442677187537243,0
SBIN_20230203,SBIN,2023-02-03,2023-02-03,2023-02-06,R1,R1,15.9,15.92,-0.13,495.36,495.35,0.0,9.2934458172152,9.243278750321386,7.617998755166582,7.617998755166582,1.5298530236998609,1.5298530236998609,480.34999999999854,480.34999999999854,1.171032695544904,1.171032695544904,-155.5,155.5,-0.37442677187537243,0.37442677187537243,0
HDFCBANK_20230415,HDFCBANK,2023-04-15,2023-04-17,2023-04-18,R1,R1,10.8,21.63,-50.07,320.83,320.83,0.0,27.113692831097275,27.23482290995817,-25.252623645356607,25.252623645356607,-3.1017427666242754,3.1017427666242754,-341.0,341.0,-0.8004027833361304,0.8004027833361304,-141.75,141.75,-0.33426124727196843,0.33426124727196843,0
INDUSINDBK_20230420,INDUSINDBK,2023-04-20,2023-04-20,2023-04-21,R1,R1,26.3,26.24,0.23,68.2,68.78,-0.84,6.251834297114642,6.284318492631383,7.081117308686544,7.081117308686544,0.647928890153401,0.647928890153401,51.0,51.0,0.12080012316875302,0.12080012316875302,-134.5500000000029,134.5500000000029,-0.3184423188659688,0.3184423188659688,0
ICICIBANK_20230422,ICICIBANK,2023-04-22,2023-04-24,2023-04-25,R1,R1,13.06,13.01,0.38,227.55,225.42,0.94,23.604813616701747,23.40863872367213,-0.24192062508632262,0.24192062508632262,-0.02762430939226209,0.02762430939226209,165.8000000000029,165.8000000000029,0.39039367835376054,0.39039367835376054,-53.099999999998545,53.099999999998545,-0.12426401070869929,0.12426401070869929,0
AXISBANK_20230427,AXISBANK,2023-04-27,2023-04-27,2023-04-28,R1,R1,-18.6,-18.64,0.21,166.38,166.27,0.07,9.2468007972875,9.53,-6.577464790698741,6.577464790698741,-0.7432404939118789,0.7432404939118789,246.9499999999971,246.9499999999971,0.577608124638915,0.577608124638915,188.40000000000146,188.40000000000146,0.4376764121685227,0.4376764121685227,1
KOTAKBANK_20230429,KOTAKBANK,2023-04-29,2023-05-02,2023-05-03,R1,R1,3.48,17.44,-80.05,82.89,82.89,0.0,10.923977731350307,10.856379135066398,0.6269907747278012,0.6269907747278012,0.16423484692085946,0.16423484692085946,-42.950000000004366,42.950000000004366,-0.09897442219793354,0.09897442219793354,157.84999999999854,157.84999999999854,0.36577580503697393,0.36577580503697393,1
IDFCFIRSTB_20230429,IDFCFIRSTB,2023-04-29,2023-05-02,2023-05-03,R1,R1,1.23,1.23,0.0,49.94,49.93,0.02,1.9904725262520868,1.978947740137687,0.3478347973698348,0.3478347973698348,0.5511786994032872,0.5511786994032872,-42.950000000004366,42.950000000004366,-0.09897442219793354,0.09897442219793354,157.84999999999854,157.84999999999854,0.36577580503697393,0.36577580503697393,1
FEDERALBNK_20230508,FEDERALBNK,2023-05-08,2023-05-08,2023-05-09,R1,R1,4.21,4.21,0.0,26.43,26.43,0.0,2.047926243576659,2.04614756083197,-0.3421008747412202,0.3421008747412202,-0.2713225608648289,0.2713225608648289,487.15000000000146,487.15000000000146,1.1382847102064788,1.1382847102064788,-240.40000000000146,240.40000000000146,-0.5534254711540819,0.5534254711540819,0
BANKBARODA_20230516,BANKBARODA,2023-05-16,2023-05-16,2023-05-17,R1,R1,9.22,9.35,-1.39,149.91,148.73,0.79,2.764714015209604,2.760694969746683,0.9730633603029446,0.9730633603029446,0.5933150699723337,0.5933150699723337,-240.45000000000437,240.45000000000437,-0.5446927848877017,0.5446927848877017,-249.8000000000029,249.8000000000029,-0.5683925503714642,0.5683925503714642,0
SBIN_20230517,SBIN,2023-05-17,2023-05-17,2023-05-18,R1,R1,18.7,18.71,-0.05,543.54,1070.0,-49.16,10.242108640964393,10.47133166217674,0.2786955198009764,0.2786955198009764,0.05119245613802552,0.05119245613802552,-249.8000000000029,249.8000000000029,-0.5683925503714642,0.5683925503714642,-254.59999999999854,254.59999999999854,-0.5785456371614418,0.5785456371614418,0
BANDHANBNK_20230519,BANDHANBNK,2023-05-19,2023-05-19,2023-05-22,R1,R1,5.0,5.01,-0.2,31.01,30.59,1.37,1.81250083832232,1.7764558732253553,-7.2157802753686155,7.2157802753686155,-3.0358586526227738,3.0358586526227738,39.400000000001455,39.400000000001455,0.0896881402230855,0.0896881402230855,-50.200000000004366,50.200000000004366,-0.11425892164160564,0.11425892164160564,0
PNB_20230519,PNB,2023-05-19,2023-05-19,2023-05-22,R1,R1,1.1,1.09,0.92,129.19,126.31,2.28,1.3177321012046228,1.2815803008158226,0.3685845972610906,0.3685845972610906,0.8188363119209098,0.8188363119209098,39.400000000001455,39.400000000001455,0.0896881402230855,0.0896881402230855,-50.200000000004366,50.200000000004366,-0.11425892164160564,0.11425892164160564,0
AUBANK_20230531,AUBANK,2023-05-31,2023-05-31,2023-06-01,R1,R1,6.4,6.32,1.27,15.46,15.46,0.0,3.04,2.494256704388884,3.880186843410229,3.880186843410229,0.5045309720650043,0.5045309720650043,-189.84999999999854,189.84999999999854,-0.4283812446410004,0.4283812446410004,-381.8500000000058,381.8500000000058,-0.864460671397424,0.864460671397424,0
FEDERALBNK_20230712,FEDERALBNK,2023-07-12,2023-07-12,2023-07-13,R1,R1,3.98,3.98,0.0,26.51,26.51,0.0,2.300196564165065,2.4375295769304217,-0.7330605277801965,0.7330605277801965,-0.555555555555551,0.555555555555551,-233.15000000000146,233.15000000000146,-0.5195821057839337,0.5195821057839337,-344.25,344.25,-0.7648419326672486,0.7648419326672486,0
INDUSINDBK_20230717,INDUSINDBK,2023-07-17,2023-07-17,2023-07-18,R1,R1,27.33,27.33,0.0,70.77,70.77,0.0,6.836486225455088,6.831965123298675,10.367917814944121,10.367917814944121,0.7608695652173973,0.7608695652173973,498.5500000000029,498.5500000000029,1.109091637153186,1.109091637153186,-343.95000000000437,343.95000000000437,-0.7517244092423184,0.7517244092423184,0
HDFCBANK_20230717,HDFCBANK,2023-07-17,2023-07-17,2023-07-18,R1,R1,10.5,21.14,-50.33,328.29,327.68,0.19,27.806306818214683,27.80610994551001,13.836383464402502,13.836383464402502,1.7515166311553063,1.7515166311553063,498.5500000000029,498.5500000000029,1.109091637153186,1.109091637153186,-343.95000000000437,343.95000000000437,-0.7517244092423184,0.7517244092423184,0
KOTAKBANK_20230722,KOTAKBANK,2023-07-22,2023-07-24,2023-07-25,R1,R1,3.48,17.33,-79.92,89.17,89.17,0.0,9.249958943452716,9.339821146709196,-10.499514432826913,10.499514432826913,-2.7051250751202023,2.7051250751202023,-208.84999999999854,208.84999999999854,-0.4527236034067501,0.4527236034067501,-309.6999999999971,309.6999999999971,-0.6710042530879783,0.6710042530879783,0
BANDHANBNK_20230724,BANDHANBNK,2023-07-24,2023-07-24,2023-07-25,R1,R1,4.48,4.49,-0.22,28.8,28.8,0.0,1.243222891768899,1.243468986145066,-1.3075638695579812,1.3075638695579812,-0.6136391379616495,0.6136391379616495,-208.84999999999854,208.84999999999854,-0.4527236034067501,0.4527236034067501,-309.6999999999971,309.6999999999971,-0.6710042530879783,0.6710042530879783,0
ICICIBANK_20230722,ICICIBANK,2023-07-22,2023-07-24,2023-07-25,R1,R1,13.8,13.76,0.29,236.62,236.4,0.09,24.328412467650505,24.217236669447026,-12.531500188040582,12.531500188040582,-1.2886225234816484,1.2886225234816484,-208.84999999999854,208.84999999999854,-0.4527236034067501,0.4527236034067501,-309.6999999999971,309.6999999999971,-0.6710042530879783,0.6710042530879783,0
PNB_20230726,PNB,2023-07-26,2023-07-26,2023-07-27,R1,R1,1.1,1.12,-1.79,129.38,129.38,0.0,1.323730609484523,1.3286130716190925,2.006711633570653,2.006711633570653,3.524592665375263,3.524592665375263,127.19999999999709,127.19999999999709,0.2769121250284305,0.2769121250284305,-606.5499999999956,606.5499999999956,-1.310443688513867,1.310443688513867,0
AXISBANK_20230726,AXISBANK,2023-07-26,2023-07-26,2023-07-27,R1,R1,18.8,18.85,-0.27,170.46,170.44,0.01,9.209526752702908,9.294522075380849,9.926193317133425,9.926193317133425,1.0291164563562336,1.0291164563562336,127.19999999999709,127.19999999999709,0.2769121250284305,0.2769121250284305,-606.5499999999956,606.5499999999956,-1.310443688513867,1.310443688513867,0
IDFCFIRSTB_20230729,IDFCFIRSTB,2023-07-29,2023-07-31,2023-08-01,R1,R1,1.15,1.15,0.0,51.59,51.59,0.0,1.98,2.396569693422374,1.6894875720159064,1.6894875720159064,1.9883005242598628,1.9883005242598628,104.75,104.75,0.2299854982891055,0.2299854982891055,-147.5,147.5,-0.3224748578924355,0.3224748578924355,0
SBIN_20230804,SBIN,2023-08-04,2023-08-04,2023-08-07,R1,R1,18.9,18.92,-0.11,509.68,509.71,-0.01,9.250739977359524,9.32993516022341,-20.362137037502634,20.362137037502634,-3.6146604642304387,3.6146604642304387,124.75,124.75,0.2787413626486574,0.2787413626486574,-156.1999999999971,156.1999999999971,-0.34715971347099056,0.34715971347099056,0
BANKBARODA_20230806,BANKBARODA,2023-08-06,2023-08-07,2023-08-08,R1,R1,7.87,7.87,0.0,143.19,143.19,0.0,2.650421174135749,2.583978485270828,0.36438174631823017,0.36438174631823017,0.21163698226686878,0.21163698226686878,-156.1999999999971,156.1999999999971,-0.34715971347099056,0.34715971347099056,75.5,75.5,0.16819284033152926,0.16819284033152926,1
AUBANK_20230830,AUBANK,2023-08-30,2023-08-30,2023-08-31,R1,R1,5.8,5.8,0.0,15.61,15.61,0.0,2.6248821559781885,2.63,-3.038470837262139,3.038470837262139,-0.41666499903944026,0.41666499903944026,-473.95000000000437,473.95000000000437,-1.0601354835029864,1.0601354835029864,-276.6999999999971,276.6999999999971,-0.6250868333037705,0.6250868333037705,0
HDFCBANK_20231016,HDFCBANK,2023-10-16,2023-10-16,2023-10-17,R1,R1,10.51,21.07,-50.12,380.93,374.63,1.68,29.083238068653262,28.98461443657218,-0.9096694049595726,0.9096694049595726,-0.12406297186174456,0.12406297186174456,21.150000000001455,21.150000000001455,0.04784553696152892,0.04784553696152892,-180.3000000000029,180.3000000000029,-0.40435256493638205,0.40435256493638205,0
FEDERALBNK_20231016,FEDERALBNK,2023-10-16,2023-10-16,2023-10-17,R1,R1,4.12,4.12,0.0,27.87,27.87,0.0,2.256749224844785,2.268443622492027,-2.9542562981408196,2.9542562981408196,-1.9795446648558888,1.9795446648558888,21.150000000001455,21.150000000001455,0.04784553696152892,0.04784553696152892,-180.3000000000029,180.3000000000029,-0.40435256493638205,0.40435256493638205,0
INDUSINDBK_20231017,INDUSINDBK,2023-10-17,2023-10-17,2023-10-18,R1,R1,28.31,28.31,0.0,73.59,73.59,0.0,6.822036008551745,6.816292163446004,-18.662277365108594,18.662277365108594,-1.29906001078488,1.29906001078488,-180.3000000000029,180.3000000000029,-0.40435256493638205,0.40435256493638205,-515.5,515.5,-1.1609262186910247,1.1609262186910247,0
AUBANK_20231018,AUBANK,2023-10-18,2023-10-18,2023-10-19,R1,R1,6.0,6.09,-1.48,16.74,16.74,0.0,2.188308982056667,2.1796791682320564,-4.433208765529912,4.433208765529912,-0.6277348079807689,0.6277348079807689,-515.5,515.5,-1.1609262186910247,1.1609262186910247,137.75,137.75,0.31581903741108636,0.31581903741108636,1
ICICIBANK_20231021,ICICIBANK,2023-10-21,2023-10-23,2023-10-25,R1,R1,14.6,14.57,0.21,240.85,240.84,0.0,22.95125368265552,23.1256487792888,-11.756544435506953,11.756544435506953,-1.279191910081617,1.279191910081617,-671.5,671.5,-1.5323108799777285,1.5323108799777285,-476.3000000000029,476.3000000000029,-1.0997891859066342,1.0997891859066342,0
KOTAKBANK_20231021,KOTAKBANK,2023-10-21,2023-10-23,2023-10-25,R1,R1,3.21,16.06,-80.01,86.11,86.1,0.01,10.080245913150089,10.0791061092009,-5.627592874030938,5.627592874030938,-1.5969457578926083,1.5969457578926083,-671.5,671.5,-1.5323108799777285,1.5323108799777285,-476.3000000000029,476.3000000000029,-1.0997891859066342,1.0997891859066342,0
AXISBANK_20231025,AXISBANK,2023-10-25,2023-10-25,2023-10-26,R1,R1,19.0,19.0,0.0,173.49,173.44,0.03,10.105163554294776,9.806359293793918,-4.539096255363916,4.539096255363916,-0.4739570617675718,0.4739570617675718,-476.3000000000029,476.3000000000029,-1.0997891859066342,1.0997891859066342,-428.25,428.25,-1.0027301420797783,1.0027301420797783,0
PNB_20231026,PNB,2023-10-26,2023-10-26,2023-10-27,R1,R1,1.6,1.6,0.0,129.51,129.51,0.0,1.5570034509787125,1.5044238937543393,0.46667680278446255,0.46667680278446255,0.7209805493890286,0.7209805493890286,-428.25,428.25,-1.0027301420797783,1.0027301420797783,226.40000000000146,226.40000000000146,0.532009888240329,0.532009888240329,1
BANDHANBNK_20231027,BANDHANBNK,2023-10-27,2023-10-27,2023-10-30,R1,R1,4.5,4.49,0.22,29.84,29.84,0.0,1.1068811384665584,1.11235585913372,0.3899753445300007,0.3899753445300007,0.18691303574036533,0.18691303574036533,226.40000000000146,226.40000000000146,0.532009888240329,0.532009888240329,317.75,317.75,0.7437724419143567,0.7437724419143567,1
IDFCFIRSTB_20231028,IDFCFIRSTB,2023-10-28,2023-10-30,2023-10-31,R1,R1,1.1,1.11,-0.9,53.8,53.8,0.0,1.817134905395609,1.82,-3.677131449465506,3.677131449465506,-4.257772741850699,4.257772741850699,317.75,317.75,0.7437724419143567,0.7437724419143567,-510.90000000000146,510.90000000000146,-1.1783605128140109,1.1783605128140109,0
BANKBARODA_20231103,BANKBARODA,2023-11-03,2023-11-03,2023-11-06,R1,R1,8.22,8.22,0.0,150.02,150.02,0.0,2.323231237758234,2.438067740628114,2.2318694606073564,2.2318694606073564,1.2167851373109473,1.2167851373109473,-0.05000000000291038,0.05000000000291038,-0.00011542465886913933,0.00011542465886913933,-8.349999999998545,8.349999999998545,-0.01913919466394335,0.01913919466394335,0
SBIN_20231104,SBIN,2023-11-04,2023-11-06,2023-11-07,R1,R1,16.1,16.08,0.12,502.91,502.92,-0.0,8.95763929262937,8.896702267942171,-7.245155967893652,7.245155967893652,-1.314437184546822,1.314437184546822,-8.349999999998545,8.349999999998545,-0.01913919466394335,0.01913919466394335,139.0500000000029,139.0500000000029,0.318930430504481,0.318930430504481,1
FEDERALBNK_20240115,FEDERALBNK,2024-01-15,2024-01-15,2024-01-16,R1,R1,4.11,4.11,0.0,29.86,29.86,0.0,2.116261266638779,2.16023195086927,0.0,0.0,0.0,0.0,267.25,267.25,0.5580374621145288,0.5580374621145288,15.150000000001455,15.150000000001455,0.031490367377229565,0.031490367377229565,1
HDFCBANK_20240116,HDFCBANK,2024-01-16,2024-01-16,2024-01-17,R1,R1,10.8,21.66,-50.14,396.08,390.78,1.36,23.934625518210936,25.08046272433335,2.9444298971093303,2.9444298971093303,0.36760456748730014,0.36760456748730014,15.150000000001455,15.150000000001455,0.031490367377229565,0.031490367377229565,-509.5,509.5,-1.0939591767500934,1.0939591767500934,0
INDUSINDBK_20240117,INDUSINDBK,2024-01-17,2024-01-17,2024-01-18,R1,R1,29.5,29.5,0.0,76.91,76.91,0.0,6.027537025494554,6.103699531269377,-6.023242743765877,6.023242743765877,-0.36969549005681707,0.36969549005681707,-509.5,509.5,-1.0939591767500934,1.0939591767500934,220.8000000000029,220.8000000000029,0.4853520615922381,0.4853520615922381,1
AXISBANK_20240123,AXISBANK,2024-01-23,2024-01-23,2024-01-24,R1,R1,19.7,19.75,-0.25,180.87,180.75,0.07,9.626137246588744,9.919429173247831,-36.56229241922506,36.56229241922506,-3.25517573668547,3.25517573668547,-1480.3999999999942,1480.3999999999942,-3.1839674634829738,3.1839674634829738,593.0,593.0,1.3329017698597867,1.3329017698597867,1
AUBANK_20240125,AUBANK,2024-01-25,2024-01-25,2024-01-29,R1,R1,5.6,5.7,-1.75,17.75,17.75,0.0,1.718134427553265,1.967536177752702,-32.0286254651985,32.0286254651985,-4.34459789379223,4.34459789379223,-191.79999999999563,191.79999999999563,-0.4256740486417949,0.4256740486417949,270.84999999999854,270.84999999999854,0.5996037324419126,0.5996037324419126,1
PNB_20240125,PNB,2024-01-25,2024-01-25,2024-01-29,R1,R1,2.0,2.01,-0.5,129.67,129.67,0.0,2.315501950920774,2.280837907242081,1.6333688434801559,1.6333688434801559,1.7031630170316254,1.7031630170316254,-191.79999999999563,191.79999999999563,-0.4256740486417949,0.4256740486417949,270.84999999999854,270.84999999999854,0.5996037324419126,0.5996037324419126,1
BANKBARODA_20240130,BANKBARODA,2024-01-30,2024-01-30,2024-01-31,R1,R1,8.86,8.86,0.0,139.12,139.12,0.0,3.023219891066593,2.94,2.231869530901008,2.231869530901008,1.0425518928689799,1.0425518928689799,-113.75,113.75,-0.2501016896980091,0.2501016896980091,701.1500000000015,701.1500000000015,1.547941137835535,1.547941137835535,1
SBIN_20240203,SBIN,2024-02-03,2024-02-05,2024-02-06,R1,R1,10.3,10.27,0.29,512.75,512.77,-0.0,13.86243659515297,13.675417227765568,-3.9303312441265916,3.9303312441265916,-0.6413171898435786,0.6413171898435786,-136.6999999999971,136.6999999999971,-0.29741798976333206,0.29741798976333206,-200.39999999999418,200.39999999999418,-0.43668502893799727,0.43668502893799727,0
BANDHANBNK_20240208,BANDHANBNK,2024-02-08,2024-02-08,2024-02-09,R1,R1,4.55,4.55,0.0,52.11,52.11,0.0,0.8367929295593209,0.8407848913072724,-4.241052422153075,4.241052422153075,-1.99084947529319,1.99084947529319,-961.8499999999985,961.8499999999985,-2.0921676126754636,2.0921676126754636,647.8000000000029,647.8000000000029,1.439979549534036,1.439979549534036,1
HDFCBANK_20240415,HDFCBANK,2024-04-15,2024-04-15,2024-04-16,R1,R1,10.85,21.75,-50.11,472.43,472.38,0.01,28.485040209948444,28.029280909130566,-1.36453333528857,1.36453333528857,-0.19031735590275442,0.19031735590275442,-284.25,284.25,-0.5914789574988295,0.5914789574988295,48.10000000000582,48.10000000000582,0.10139828445065915,0.10139828445065915,1
AXISBANK_20240424,AXISBANK,2024-04-24,2024-04-24,2024-04-25,R1,R1,23.1,23.08,0.09,198.55,195.87,1.37,10.410859117763504,9.90989074400422,7.232644402894039,7.232644402894039,0.6865530303030423,0.6865530303030423,68.09999999999854,68.09999999999854,0.14151855015180212,0.14151855015180212,722.2999999999956,722.2999999999956,1.5119529689058397,1.5119529689058397,1
AUBANK_20240424,AUBANK,2024-04-24,2024-04-24,2024-04-25,R1,R1,5.5,5.87,-6.3,18.93,18.93,0.0,1.951760148858812,2.001901216116271,5.230175974918097,5.230175974918097,0.8554668234598091,0.8554668234598091,68.09999999999854,68.09999999999854,0.14151855015180212,0.14151855015180212,722.2999999999956,722.2999999999956,1.5119529689058397,1.5119529689058397,1
INDUSINDBK_20240425,INDUSINDBK,2024-04-25,2024-04-25,2024-04-26,R1,R1,30.1,30.1,0.0,76.91,76.91,0.0,6.413483599212739,6.593440086145298,19.797715237300963,19.797715237300963,1.3583500622984168,1.3583500622984168,722.2999999999956,722.2999999999956,1.5119529689058397,1.5119529689058397,-458.9499999999971,458.9499999999971,-0.9431771475544535,0.9431771475544535,0
ICICIBANK_20240427,ICICIBANK,2024-04-27,2024-04-29,2024-04-30,R1,R1,15.2,15.17,0.2,247.42,247.3,0.05,23.62979812047197,23.82,50.880056956278395,50.880056956278395,4.706680903796251,4.706680903796251,1064.1500000000015,1064.1500000000015,2.2004801498762436,2.2004801498762436,-80.34999999999854,80.34999999999854,-0.1623983620705307,0.1623983620705307,0
IDFCFIRSTB_20240427,IDFCFIRSTB,2024-04-27,2024-04-29,2024-04-30,R1,R1,1.01,1.09,-7.34,61.11,61.11,0.0,2.1036873648205288,2.09,-1.7391816542451863,1.7391816542451863,-2.0983213045349567,2.0983213045349567,1064.1500000000015,1064.1500000000015,2.2004801498762436,2.2004801498762436,-80.34999999999854,80.34999999999854,-0.1623983620705307,0.1623983620705307,0
FEDERALBNK_20240502,FEDERALBNK,2024-05-02,2024-05-02,2024-05-03,R1,R1,3.68,3.68,0.0,29.49,29.49,0.0,2.2634353489436707,2.276778724012779,-1.477128028869629,1.477128028869629,-0.8849557522123894,0.8849557522123894,-30.94999999999709,30.94999999999709,-0.06282733141162983,0.06282733141162983,-451.5,451.5,-0.9144294537423252,0.9144294537423252,0
KOTAKBANK_20240504,KOTAKBANK,2024-05-04,2024-05-06,2024-05-07,R1,R1,4.16,21.21,-80.39,98.88,97.6,1.31,8.446236355211353,8.24262766204246,3.84468140622522,3.84468140622522,1.2024876484618383,1.2024876484618383,-279.25,279.25,-0.5678750491870287,0.5678750491870287,-679.7000000000044,679.7000000000044,-1.3881329642265336,1.3881329642265336,0
SBIN_20240509,SBIN,2024-05-09,2024-05-09,2024-05-10,R1,R1,23.2,23.19,0.04,590.22,590.24,-0.0,9.594388857741215,9.648220966166738,7.481866985808438,7.481866985808438,0.9730216949565421,0.9730216949565421,-488.4499999999971,488.4499999999971,-1.018105795876504,1.018105795876504,-134.40000000000146,134.40000000000146,-0.2826171525901346,0.2826171525901346,0
PNB_20240509,PNB,2024-05-09,2024-05-09,2024-05-10,R1,R1,2.7,2.71,-0.37,146.11,146.1,0.01,2.542277387631033,2.512899730567652,-3.5467392939119406,3.5467392939119406,-3.01706670459456,3.01706670459456,-488.4499999999971,488.4499999999971,-1.018105795876504,1.018105795876504,-134.40000000000146,134.40000000000146,-0.2826171525901346,0.2826171525901346,0
BANKBARODA_20240510,BANKBARODA,2024-05-10,2024-05-10,2024-05-13,R1,R1,9.45,9.45,0.0,159.84,159.84,0.0,3.202823643048874,3.1730739289738747,-9.8840116791919,9.8840116791919,-4.083554988722163,4.083554988722163,-134.40000000000146,134.40000000000146,-0.2826171525901346,0.2826171525901346,364.29999999999563,364.29999999999563,0.768730823932567,0.768730823932567,1
BANDHANBNK_20240516,BANDHANBNK,2024-05-16,2024-05-16,2024-05-17,R1,R1,0.34,0.34,0.0,58.83,58.83,0.0,1.0245747362616873,1.018762001381187,-10.139506886196358,10.139506886196358,-5.473680998149674,5.473680998149674,31.200000000004366,31.200000000004366,0.06507341094172774,0.06507341094172774,272.70000000000437,272.70000000000437,0.5699899358212743,0.5699899358212743,1
HDFCBANK_20240720,HDFCBANK,2024-07-20,2024-07-22,2024-07-23,R1,R1,10.64,21.2,-49.81,405.05,400.41,1.16,27.48430330824165,27.633951720118063,12.39956557336211,12.39956557336211,1.5800895997603641,1.5800895997603641,134.8000000000029,134.8000000000029,0.25850694977141486,0.25850694977141486,-732.6999999999971,732.6999999999971,-1.3953266934546993,1.3953266934546993,0
KOTAKBANK_20240720,KOTAKBANK,2024-07-20,2024-07-22,2024-07-23,R1,R1,6.28,31.34,-79.96,97.71,94.05,3.89,10.75427953966489,10.58549716770901,-12.653541881253545,12.653541881253545,-3.4843498122104877,3.4843498122104877,134.8000000000029,134.8000000000029,0.25850694977141486,0.25850694977141486,-732.6999999999971,732.6999999999971,-1.3953266934546993,1.3953266934546993,0
FEDERALBNK_20240723,FEDERALBNK,2024-07-23,2024-07-23,2024-07-24,R1,R1,4.1,4.11,-0.24,32.07,28.97,10.7,2.8179286129277044,2.747385220895416,-4.963143870483748,4.963143870483748,-2.4827553133659346,2.4827553133659346,-732.6999999999971,732.6999999999971,-1.3953266934546993,1.3953266934546993,-340.65000000000146,340.65000000000146,-0.6594376631534757,0.6594376631534757,0
AXISBANK_20240724,AXISBANK,2024-07-24,2024-07-24,2024-07-25,R1,R1,19.5,19.59,-0.46,192.32,190.29,1.07,8.732203310146073,9.129778067519116,-23.611618507791036,23.611618507791036,-1.8726759012484175,1.8726759012484175,-340.65000000000146,340.65000000000146,-0.6594376631534757,0.6594376631534757,126.44999999999709,126.44999999999709,0.24910218804111928,0.24910218804111928,1
BANDHANBNK_20240725,BANDHANBNK,2024-07-25,2024-07-25,2024-07-26,R1,R1,6.6,4.86,35.8,60.63,32.48,86.67,1.1927526979868297,1.1608509987652094,-2.213147898018633,2.213147898018633,-1.2068071232340492,1.2068071232340492,126.44999999999709,126.44999999999709,0.24910218804111928,0.24910218804111928,839.8499999999985,839.8499999999985,1.6645162824712938,1.6645162824712938,1
AUBANK_20240725,AUBANK,2024-07-25,2024-07-25,2024-07-26,R1,R1,6.79,6.65,2.11,24.66,24.66,0.0,2.0992594177599853,2.0554316337595586,-25.59351536339136,25.59351536339136,-3.9023222052736823,3.9023222052736823,126.44999999999709,126.44999999999709,0.24910218804111928,0.24910218804111928,839.8499999999985,839.8499999999985,1.6645162824712938,1.6645162824712938,1
INDUSINDBK_20240725,INDUSINDBK,2024-07-25,2024-07-25,2024-07-26,R1,R1,27.7,27.77,-0.25,78.49,81.28,-3.43,5.577986393637178,5.524309443508808,-9.884015371952955,9.884015371952955,-0.7127447382334493,0.7127447382334493,126.44999999999709,126.44999999999709,0.24910218804111928,0.24910218804111928,839.8499999999985,839.8499999999985,1.6645162824712938,1.6645162824712938,1
IDFCFIRSTB_20240727,IDFCFIRSTB,2024-07-27,2024-07-29,2024-07-30,R1,R1,0.9,0.83,8.43,63.14,63.08,0.1,1.9948857478855369,1.966780533187737,1.1329520047176516,1.1329520047176516,1.5470204259456948,1.5470204259456948,-140.40000000000146,140.40000000000146,-0.27237463540307943,0.27237463540307943,115.40000000000146,115.40000000000146,0.22458396501628225,0.22458396501628225,1
PNB_20240727,PNB,2024-07-27,2024-07-29,2024-07-30,R1,R1,3.0,2.94,2.04,140.88,140.88,0.0,2.072972473567598,2.101469978353204,2.0209690920081016,2.0209690920081016,1.7139190927338737,1.7139190927338737,-140.40000000000146,140.40000000000146,-0.27237463540307943,0.27237463540307943,115.40000000000146,115.40000000000146,0.22458396501628225,0.22458396501628225,1
ICICIBANK_20240727,ICICIBANK,2024-07-27,2024-07-29,2024-07-30,R1,R1,15.7,15.62,0.51,265.55,265.58,-0.01,24.03554243721052,24.14480222935969,-2.3904086724235185,2.3904086724235185,-0.2016272223974018,0.2016272223974018,-140.40000000000146,140.40000000000146,-0.27237463540307943,0.27237463540307943,115.40000000000146,115.40000000000146,0.22458396501628225,0.22458396501628225,1
BANKBARODA_20240731,BANKBARODA,2024-07-31,2024-07-31,2024-08-01,R1,R1,8.62,8.62,0.0,140.87,140.87,0.0,2.73,2.691095098778108,-3.5114941125075347,3.5114941125075347,-1.4568764914221755,1.4568764914221755,-30.049999999995634,30.049999999995634,-0.058255118647542264,0.058255118647542264,-108.59999999999854,108.59999999999854,-0.210169412802914,0.210169412802914,0
SBIN_20240814,SBIN,2024-08-14,2024-08-14,2024-08-16,R1,R1,19.09,18.84,1.33,522.87,510.86,2.35,9.720399312900993,9.765425661956684,1.974052704648102,1.974052704648102,0.255944536079107,0.255944536079107,-159.84999999999854,159.84999999999854,-0.3204231951514539,0.3204231951514539,383.90000000000146,383.90000000000146,0.7657630702331827,0.7657630702331827,1
AXISBANK_20241017,AXISBANK,2024-10-17,2024-10-17,2024-10-18,R2,R2,22.39,22.26,0.58,202.05,202.05,0.0,9.09383156023657,8.740410862558894,-19.118928729035133,19.118928729035133,-1.6637727553486155,1.6637727553486155,-560.5,560.5,-1.0810174872177638,1.0810174872177638,833.1999999999971,833.1999999999971,1.6254072296677728,1.6254072296677728,1
KOTAKBANK_20241019,KOTAKBANK,2024-10-19,2024-10-21,2024-10-22,R2,R2,3.36,17.27,-80.54,97.04,88.57,9.56,8.699246259100832,8.710905139279184,-12.125065834223733,12.125065834223733,-3.286487476245776,3.286487476245776,-398.40000000000146,398.40000000000146,-0.7608701879830666,0.7608701879830666,-814.1999999999971,814.1999999999971,-1.5636237585543624,1.5636237585543624,0
HDFCBANK_20241019,HDFCBANK,2024-10-19,2024-10-21,2024-10-22,R2,R2,11.0,21.3,-48.36,415.97,378.24,9.98,29.023856714551467,28.87597301402641,6.6486542128161545,6.6486542128161545,0.7988309721209931,0.7988309721209931,-398.40000000000146,398.40000000000146,-0.7608701879830666,0.7608701879830666,-814.1999999999971,814.1999999999971,-1.5636237585543624,1.5636237585543624,0
AUBANK_20241023,AUBANK,2024-10-23,2024-10-23,2024-10-24,R2,R2,7.7,7.03,9.53,26.12,23.93,9.15,1.940187009935801,1.970698359377285,13.520167687507751,13.520167687507751,2.1221594037539293,2.1221594037539293,121.19999999999709,121.19999999999709,0.23709940568646748,0.23709940568646748,258.84999999999854,258.84999999999854,0.5048534978926214,0.5048534978926214,1
INDUSINDBK_20241024,INDUSINDBK,2024-10-24,2024-10-24,2024-10-25,R2,R2,17.0,28.4,-40.14,75.31,67.65,11.32,3.484144191487431,4.226028966282359,4.043499565812908,4.043499565812908,0.3174019457778163,0.3174019457778163,258.84999999999854,258.84999999999854,0.5048534978926214,0.5048534978926214,-582.3000000000029,582.3000000000029,-1.1335464938022919,1.1335464938022919,0
BANKBARODA_20241025,BANKBARODA,2024-10-25,2024-10-25,2024-10-28,R2,R2,10.1,8.21,23.02,168.03,167.94,0.05,2.9230946999171525,2.8286424526102043,-4.195060818229564,4.195060818229564,-1.836063822761929,1.836063822761929,-582.3000000000029,582.3000000000029,-1.1335464938022919,1.1335464938022919,197.95000000000437,197.95000000000437,0.38767090960188944,0.38767090960188944,1
IDFCFIRSTB_20241026,IDFCFIRSTB,2024-10-26,2024-10-28,2024-10-29,R2,R2,0.3,0.88,-65.91,65.15,65.96,-1.23,2.571049104706405,2.6067576771735363,6.0821654956895514,6.0821654956895514,10.03114096091483,10.03114096091483,197.95000000000437,197.95000000000437,0.38767090960188944,0.38767090960188944,916.5999999999985,916.5999999999985,1.7831262486844406,1.7831262486844406,1
PNB_20241028,PNB,2024-10-28,2024-10-28,2024-10-29,R2,R2,3.9,3.18,22.64,150.89,143.5,5.15,1.7387233441673182,1.728088068693696,2.257063511285139,2.257063511285139,2.4831162489853673,2.4831162489853673,197.95000000000437,197.95000000000437,0.38767090960188944,0.38767090960188944,916.5999999999985,916.5999999999985,1.7831262486844406,1.7831262486844406,1
ICICIBANK_20241026,ICICIBANK,2024-10-26,2024-10-28,2024-10-29,R2,R2,16.7,16.7,0.0,272.25,245.51,10.89,24.524683699704564,24.30617814964017,7.232721879092196,7.232721879092196,0.571760061138663,0.571760061138663,197.95000000000437,197.95000000000437,0.38767090960188944,0.38767090960188944,916.5999999999985,916.5999999999985,1.7831262486844406,1.7831262486844406,1
FEDERALBNK_20241028,FEDERALBNK,2024-10-28,2024-10-28,2024-10-29,R2,R2,4.27,4.13,3.39,33.31,33.31,0.0,3.3134876563639866,3.118219122925286,-1.0995650432802506,1.0995650432802506,-0.5964538280208976,0.5964538280208976,197.95000000000437,197.95000000000437,0.38767090960188944,0.38767090960188944,916.5999999999985,916.5999999999985,1.7831262486844406,1.7831262486844406,1
CANBK_20241029,CANBK,2024-10-29,2024-10-29,2024-10-30,R2,R2,4.4,4.22,4.27,142.96,142.98,-0.01,2.101279409754554,2.088865061361497,2.1121531334870127,2.1121531334870127,2.2266030898822193,2.2266030898822193,916.5999999999985,916.5999999999985,1.7831262486844406,1.7831262486844406,-181.1999999999971,181.1999999999971,-0.348537278293162,0.348537278293162,0
SBIN_20241108,SBIN,2024-11-08,2024-11-08,2024-11-11,R2,R2,20.54,17.16,19.7,568.9,502.48,13.22,10.08639490102468,10.094173990996111,-15.840617421483216,15.840617421483216,-1.9136751557795206,1.9136751557795206,-307.95000000000437,307.95000000000437,-0.5937055070306807,0.5937055070306807,314.0500000000029,314.0500000000029,0.6090643042354317,0.6090643042354317,1
AXISBANK_20250116,AXISBANK,2025-01-16,2025-01-16,2025-01-17,R2,R2,21.65,19.72,9.79,321.62,201.18,59.87,7.649552616146775,7.892393840795768,4.093317877809795,4.093317877809795,0.39655435623584206,0.39655435623584206,195.79999999999563,195.79999999999563,0.39891693441095705,0.39891693441095705,-418.90000000000146,418.90000000000146,-0.855605143026382,0.855605143026382,0
KOTAKBANK_20250118,KOTAKBANK,2025-01-18,2025-01-20,2025-01-21,R2,R2,3.32,17.89,-81.44,98.19,101.19,-2.96,9.46195008535531,9.44537952757767,6.082479875305069,6.082479875305069,1.6137582284432899,1.6137582284432899,516.6500000000015,516.6500000000015,1.057968655131709,1.057968655131709,-961.0999999999985,961.0999999999985,-1.9403617863199516,1.9403617863199516,0
HDFCBANK_20250122,HDFCBANK,2025-01-22,2025-01-22,2025-01-23,R2,R2,10.95,22.2,-50.68,421.07,428.35,-1.7,27.66535255436286,27.607482841285087,11.477474238770242,11.477474238770242,1.4399673686378442,1.4399673686378442,34.849999999998545,34.849999999998545,0.07157593364489617,0.07157593364489617,-181.15000000000146,181.15000000000146,-0.3714362166202102,0.3714362166202102,0
AUBANK_20250124,AUBANK,2025-01-24,2025-01-24,2025-01-27,R2,R2,7.1,7.1,0.0,26.41,24.64,7.18,2.4239263549808245,2.541654123497036,16.164360609244454,16.164360609244454,2.8005898288810402,2.8005898288810402,-178.25,178.25,-0.3671771441754787,0.3671771441754787,183.0,183.0,0.38219234299569876,0.38219234299569876,1
FEDERALBNK_20250127,FEDERALBNK,2025-01-27,2025-01-27,2025-01-28,R2,R2,3.85,4.28,-10.05,33.48,29.9,11.97,3.169000804639252,3.34585310942104,5.071860042739161,5.071860042739161,2.7523895277887993,2.7523895277887993,183.0,183.0,0.38219234299569876,0.38219234299569876,224.34999999999854,224.34999999999854,0.4612221822480311,0.4612221822480311,1
CANBK_20250127,CANBK,2025-01-27,2025-01-27,2025-01-28,R2,R2,4.5,4.57,-1.53,149.51,145.88,2.49,2.250704954727861,2.2915285579380424,-3.8037409746588366,3.8037409746588366,-4.239583015441905,4.239583015441905,183.0,183.0,0.38219234299569876,0.38219234299569876,224.34999999999854,224.34999999999854,0.4612221822480311,0.4612221822480311,1
IDFCFIRSTB_20250125,IDFCFIRSTB,2025-01-25,2025-01-27,2025-01-28,R2,R2,0.5,0.66,-24.24,66.82,67.14,-0.48,3.088471031804976,3.0577219797893984,-2.2659038535318743,2.2659038535318743,-3.8637499477184325,3.8637499477184325,183.0,183.0,0.38219234299569876,0.38219234299569876,224.34999999999854,224.34999999999854,0.4612221822480311,0.4612221822480311,1
ICICIBANK_20250125,ICICIBANK,2025-01-25,2025-01-27,2025-01-28,R2,R2,16.7,16.28,2.58,274.39,252.59,8.63,24.75752537368773,24.79379521301905,32.42430081635439,32.42430081635439,2.757318089696627,2.757318089696627,183.0,183.0,0.38219234299569876,0.38219234299569876,224.34999999999854,224.34999999999854,0.4612221822480311,0.4612221822480311,1
BANKBARODA_20250130,BANKBARODA,2025-01-30,2025-01-30,2025-01-31,R2,R2,9.35,8.37,11.71,151.86,140.47,8.11,2.7666197129292027,2.9,-1.4139564156433835,1.4139564156433835,-0.6744057829381185,0.6744057829381185,105.75,105.75,0.21491194199104993,0.21491194199104993,327.54999999999563,327.54999999999563,0.6649458532490499,0.6649458532490499,1
PNB_20250131,PNB,2025-01-31,2025-01-31,2025-02-01,R2,R2,3.92,3.76,4.26,144.42,145.5,-0.74,2.54,2.022468227927475,3.9758318612172587,3.9758318612172587,4.340652827300778,4.340652827300778,327.54999999999563,327.54999999999563,0.6649458532490499,0.6649458532490499,-85.60000000000582,85.60000000000582,-0.17260657094665594,0.17260657094665594,0
INDUSINDBK_20250131,INDUSINDBK,2025-01-31,2025-01-31,2025-02-01,R2,R2,18.0,18.62,-3.33,128.01,78.57,62.92,4.78,4.911533984491019,33.59560981853599,33.59560981853599,3.514179399826585,3.514179399826585,327.54999999999563,327.54999999999563,0.6649458532490499,0.6649458532490499,-85.60000000000582,85.60000000000582,-0.17260657094665594,0.17260657094665594,0
SBIN_20250205,SBIN,2025-02-05,2025-02-05,2025-02-06,R2,R2,18.93,17.89,5.81,524.86,502.4,4.47,7.196555470644831,7.336646822790491,-13.433280046705477,13.433280046705477,-1.7884631034655434,1.7884631034655434,-59.25,59.25,-0.11755415923479683,0.11755415923479683,-86.25,86.25,-0.17089918731244433,0.17089918731244433,0
HDFCBANK_20250419,HDFCBANK,2025-04-19,2025-04-21,2025-04-22,R2,R2,11.5,22.43,-48.73,440.94,434.98,1.37,27.938143750567058,27.605978197067028,1.5044335673131854,1.5044335673131854,0.16112139220049873,0.16112139220049873,413.25,413.25,0.7528522305467629,0.7528522305467629,232.89999999999418,232.89999999999418,0.4202886258601014,0.4202886258601014,1
ICICIBANK_20250419,ICICIBANK,2025-04-19,2025-04-21,2025-04-22,R2,R2,17.7,16.23,9.06,284.53,278.18,2.28,25.54691962925753,25.574870261324584,-25.781984496791438,25.781984496791438,-1.8245091345316922,1.8245091345316922,413.25,413.25,0.7528522305467629,0.7528522305467629,232.89999999999418,232.89999999999418,0.4202886258601014,0.4202886258601014,1
AUBANK_20250422,AUBANK,2025-04-22,2025-04-22,2025-04-23,R2,R2,6.8,6.66,2.1,28.55,27.18,5.04,3.2028524265778464,2.941007207191036,-9.977992341072195,9.977992341072195,-1.603077940956756,1.603077940956756,232.89999999999418,232.89999999999418,0.4202886258601014,0.4202886258601014,-727.0499999999956,727.0499999999956,-1.2960563023756944,1.2960563023756944,0
AXISBANK_20250424,AXISBANK,2025-04-24,2025-04-24,2025-04-25,R2,R2,23.0,20.72,11.0,205.9,205.58,0.16,8.310694005395133,8.519643003624786,7.987008830302329,7.987008830302329,0.6671670555318716,0.6671670555318716,97.5,97.5,0.17693847440925234,0.17693847440925234,-569.5,569.5,-1.0310762208838649,1.0310762208838649,0
IDFCFIRSTB_20250426,IDFCFIRSTB,2025-04-26,2025-04-28,2025-04-29,R2,R2,0.41,0.815,-49.69,68.03,69.05,-1.48,2.975097805518227,2.953527673318144,2.9615772166621994,2.9615772166621994,4.691435013791943,4.691435013791943,822.5,822.5,1.506126133714702,1.506126133714702,-133.09999999999854,133.09999999999854,-0.23971464771762035,0.23971464771762035,0
FEDERALBNK_20250430,FEDERALBNK,2025-04-30,2025-04-30,2025-05-02,R2,R2,4.4,4.1,7.32,71.08,33.28,113.58,3.63,3.873047580221706,-6.854955330817177,6.854955330817177,-3.398827711339109,3.398827711339109,-295.25,295.25,-0.5331116022418674,0.5331116022418674,14.400000000001455,14.400000000001455,0.026133850686787533,0.026133850686787533,1
KOTAKBANK_20250503,KOTAKBANK,2025-05-03,2025-05-05,2025-05-06,R2,R2,3.58,23.23,-84.59,104.66,105.35,-0.65,7.371084337920271,7.315321023579109,-4.028370734550322,4.028370734550322,-0.9595691731426435,0.9595691731426435,-146.3000000000029,146.3000000000029,-0.2656821475398576,0.2656821475398576,-646.8499999999985,646.8499999999985,-1.1778416100294502,1.1778416100294502,0
BANKBARODA_20250506,BANKBARODA,2025-05-06,2025-05-06,2025-05-07,R2,R2,9.76,6.75,44.59,358.52,157.29,127.94,3.718416286353484,3.732038031990808,-24.430629824512692,24.430629824512692,-10.43599853515627,10.43599853515627,-646.8499999999985,646.8499999999985,-1.1778416100294502,1.1778416100294502,597.5,597.5,1.1062069782683557,1.1062069782683557,1
PNB_20250507,PNB,2025-05-07,2025-05-07,2025-05-08,R2,R2,4.0,3.96,1.01,154.73,156.45,-1.1,2.9805862465831825,3.060214694750772,0.047221795691612556,0.047221795691612556,0.05308179764091953,0.05308179764091953,597.5,597.5,1.1062069782683557,1.1062069782683557,-436.09999999999854,436.09999999999854,-0.7957775071051536,0.7957775071051536,0
CANBK_20250508,CANBK,2025-05-08,2025-05-08,2025-05-09,R2,R2,5.5,4.56,20.61,157.93,151.91,3.96,3.366220766291667,3.244037728486348,0.915891697767961,0.915891697767961,1.0382491400260268,1.0382491400260268,-436.09999999999854,436.09999999999854,-0.7957775071051536,0.7957775071051536,-0.6999999999970896,0.6999999999970896,-0.0013060688354196346,0.0013060688354196346,0
INDUSINDBK_20250520,INDUSINDBK,2025-05-20,2025-05-20,2025-05-21,R2,R2,-28.7,17.18,-267.05,37.57,72.79,-48.39,4.120592006370352,4.201610528090584,-2.745553055370351,2.745553055370351,-0.3503184713375765,0.3503184713375765,-567.9500000000044,567.9500000000044,-1.0243429109410613,1.0243429109410613,14.900000000001455,14.900000000001455,0.027061289279736462,0.027061289279736462,1
SBIN_20250521,SBIN,2025-05-21,2025-05-21,2025-05-22,R2,R2,21.96,18.89,16.25,1270.0,587.04,116.34,8.448498870821455,8.44813059407666,0.09820542479690175,0.09820542479690175,0.012703378136907589,0.012703378136907589,14.900000000001455,14.900000000001455,0.027061289279736462,0.027061289279736462,65.40000000000146,65.40000000000146,0.11917799981412872,0.11917799981412872,1
AXISBANK_20250717,AXISBANK,2025-07-17,2025-07-17,2025-07-18,R2,R2,20.04,18.76,6.82,323.48,204.85,57.91,7.149883379853808,7.475055056629569,-10.192090588998099,10.192090588998099,-0.8717906984508479,0.8717906984508479,-403.1499999999942,403.1499999999942,-0.7044142301633863,0.7044142301633863,-241.25,241.25,-0.42680796295395335,0.42680796295395335,0
AUBANK_20250719,AUBANK,2025-07-19,2025-07-21,2025-07-22,R2,R2,7.8,6.86,13.7,28.55,26.16,9.14,2.760789795754715,2.8549023241827456,-17.08338507274027,17.08338507274027,-2.220776050121762,2.220776050121762,393.84999999999854,393.84999999999854,0.696353712678285,0.696353712678285,-497.34999999999854,497.34999999999854,-0.8686827932339306,0.8686827932339306,0
ICICIBANK_20250719,ICICIBANK,2025-07-19,2025-07-21,2025-07-22,R2,R2,17.9,16.75,6.87,301.39,271.68,10.94,27.17077370562622,26.94230109687224,17.516084613299654,17.516084613299654,1.2292851400638893,1.2292851400638893,393.84999999999854,393.84999999999854,0.696353712678285,0.696353712678285,-497.34999999999854,497.34999999999854,-0.8686827932339306,0.8686827932339306,0
HDFCBANK_20250719,HDFCBANK,2025-07-19,2025-07-21,2025-07-22,R2,R2,11.85,22.79,-48.0,531.68,422.22,25.92,29.881279682288465,29.68973468223537,10.941381790978426,10.941381790978426,1.1272899291557643,1.1272899291557643,393.84999999999854,393.84999999999854,0.696353712678285,0.696353712678285,-497.34999999999854,497.34999999999854,-0.8686827932339306,0.8686827932339306,0
CANBK_20250724,CANBK,2025-07-24,2025-07-24,2025-07-25,R2,R2,5.54,4.8,15.42,315.23,133.2,136.66,2.3088117770463565,2.346089073612142,4.850011215756808,4.850011215756808,4.61751348961334,4.61751348961334,-250.54999999999563,250.54999999999563,-0.43713339590972883,0.43713339590972883,-641.7999999999956,641.7999999999956,-1.12260301168255,1.12260301168255,0
BANKBARODA_20250725,BANKBARODA,2025-07-25,2025-07-25,2025-07-28,R2,R2,8.78,8.27,6.17,161.1,135.73,18.69,2.880259620842778,2.8958076354046893,-2.7122771964186256,2.7122771964186256,-1.1370570768559594,1.1370570768559594,-641.7999999999956,641.7999999999956,-1.12260301168255,1.12260301168255,-130.1999999999971,130.1999999999971,-0.23161036803278318,0.23161036803278318,0
KOTAKBANK_20250726,KOTAKBANK,2025-07-26,2025-07-28,2025-07-29,R2,R2,3.3,17.16,-80.77,103.39,98.02,5.48,7.893633830548095,7.8885869929603905,-11.719756363287502,11.719756363287502,-2.8983336555411876,2.8983336555411876,-130.1999999999971,130.1999999999971,-0.23161036803278318,0.23161036803278318,340.1999999999971,340.1999999999971,0.6087849711354987,0.6087849711354987,1
INDUSINDBK_20250727,INDUSINDBK,2025-07-27,2025-07-28,2025-07-29,R2,R2,8.78,7.75,13.29,67.96,66.82,1.71,3.4832903450101904,3.465289684827483,-22.91289968405988,22.91289968405988,-2.7818196614583335,2.7818196614583335,-130.1999999999971,130.1999999999971,-0.23161036803278318,0.23161036803278318,340.1999999999971,340.1999999999971,0.6087849711354987,0.6087849711354987,1
IDFCFIRSTB_20250726,IDFCFIRSTB,2025-07-26,2025-07-28,2025-07-29,R2,R2,0.6,0.57,5.26,71.6,64.88,10.36,2.932468633458759,2.956826593088271,0.8275706757974888,0.8275706757974888,1.1875831138977282,1.1875831138977282,-130.1999999999971,130.1999999999971,-0.23161036803278318,0.23161036803278318,340.1999999999971,340.1999999999971,0.6087849711354987,0.6087849711354987,1
PNB_20250730,PNB,2025-07-30,2025-07-30,2025-07-31,R2,R2,1.5,3.79,-60.42,158.46,133.53,18.67,2.35697599109448,2.41,-1.4090324252997277,1.4090324252997277,-1.3236006729745575,1.3236006729745575,-159.40000000000146,159.40000000000146,-0.2830753275167358,0.2830753275167358,233.79999999999563,233.79999999999563,0.41953662556534826,0.41953662556534826,1
FEDERALBNK_20250801,FEDERALBNK,2025-08-01,2025-08-01,2025-08-04,R2,R2,3.47,3.78,-8.2,34.5,33.41,3.26,3.304705351029108,3.298637602599071,-6.557758140223569,6.557758140223569,-3.2662301936122753,3.2662301936122753,-279.5500000000029,279.5500000000029,-0.5001149432484534,0.5001149432484534,61.849999999998545,61.849999999998545,0.11132610358637186,0.11132610358637186,1
SBIN_20250807,SBIN,2025-08-07,2025-08-07,2025-08-08,R2,R2,21.47,17.84,20.35,584.18,566.22,3.17,9.371397379965094,9.29485147032428,3.9783389951742265,3.9783389951742265,0.5055609726067797,0.5055609726067797,305.5,305.5,0.553285164622711,0.553285164622711,-604.4499999999971,604.4499999999971,-1.086957499053661,1.086957499053661,0
AXISBANK_20251015,AXISBANK,2025-10-15,2025-10-15,2025-10-16,R2,R2,17.72,16.27,8.91,323.1,199.35,62.08,9.35912565059953,9.24314737978122,-10.392009502168094,10.392009502168094,-0.8813580011917383,0.8813580011917383,270.95000000000437,270.95000000000437,0.47931192778214415,0.47931192778214415,282.6000000000058,282.6000000000058,0.49457516151135206,0.49457516151135206,1
FEDERALBNK_20251017,FEDERALBNK,2025-10-17,2025-10-17,2025-10-20,R2,R2,3.85,3.53,9.07,35.77,34.51,3.65,3.9593755345285055,3.732254123242866,-2.2024670081776208,2.2024670081776208,-1.02986695223122,1.02986695223122,350.4499999999971,350.4499999999971,0.6109349422710446,0.6109349422710446,160.34999999999854,160.34999999999854,0.27707292797917943,0.27707292797917943,1
AUBANK_20251017,AUBANK,2025-10-17,2025-10-17,2025-10-20,R2,R2,7.48,7.79,-3.98,45.11,25.44,77.32,3.341412021716974,3.0845739420154827,-4.495634305415706,4.495634305415706,-0.5646527299168828,0.5646527299168828,350.4499999999971,350.4499999999971,0.6109349422710446,0.6109349422710446,160.34999999999854,160.34999999999854,0.27707292797917943,0.27707292797917943,1
IDFCFIRSTB_20251018,IDFCFIRSTB,2025-10-18,2025-10-20,2025-10-21,R2,R2,0.35,0.653,-46.43,99.37,70.65,40.65,3.540667189537424,3.546656721141768,4.167756747589692,4.167756747589692,5.745704886839573,5.745704886839573,160.34999999999854,160.34999999999854,0.27707292797917943,0.27707292797917943,-56.200000000004366,56.200000000004366,-0.09679074942219086,0.09679074942219086,0
INDUSINDBK_20251018,INDUSINDBK,2025-10-18,2025-10-20,2025-10-21,R2,R2,-5.61,5.6,-200.18,116.09,63.94,81.56,3.369309704121521,3.373762270874788,16.72291390713042,16.72291390713042,2.2543741588156037,2.2543741588156037,160.34999999999854,160.34999999999854,0.27707292797917943,0.27707292797917943,-56.200000000004366,56.200000000004366,-0.09679074942219086,0.09679074942219086,0
PNB_20251018,PNB,2025-10-18,2025-10-20,2025-10-21,R2,R2,4.46,3.9,14.36,325.13,151.63,114.42,2.714493346280154,2.7233454376966466,3.6926204594693814,3.6926204594693814,3.3245803332503323,3.3245803332503323,160.34999999999854,160.34999999999854,0.27707292797917943,0.27707292797917943,-56.200000000004366,56.200000000004366,-0.09679074942219086,0.09679074942219086,0
HDFCBANK_20251018,HDFCBANK,2025-10-18,2025-10-20,2025-10-21,R2,R2,12.1,11.34,6.7,459.02,437.19,4.99,27.6255595409248,27.48456825249124,5.853203356841277,5.853203356841277,0.5967915954896134,0.5967915954896134,160.34999999999854,160.34999999999854,0.27707292797917943,0.27707292797917943,-56.200000000004366,56.200000000004366,-0.09679074942219086,0.09679074942219086,0
ICICIBANK_20251018,ICICIBANK,2025-10-18,2025-10-20,2025-10-21,R2,R2,18.42,17.03,8.16,481.81,289.41,66.48,22.339632022448235,22.464995947598183,-51.267738970355595,51.267738970355595,-3.585294810809648,3.585294810809648,160.34999999999854,160.34999999999854,0.27707292797917943,0.27707292797917943,-56.200000000004366,56.200000000004366,-0.09679074942219086,0.09679074942219086,0
KOTAKBANK_20251025,KOTAKBANK,2025-10-25,2025-10-27,2025-10-28,R2,R2,3.28,16.3,-79.88,99.0,94.96,4.25,8.793687427080979,8.761153683217485,-4.711866538445463,4.711866538445463,-1.086456402306021,1.086456402306021,317.8000000000029,317.8000000000029,0.5498607613443437,0.5498607613443437,207.54999999999563,207.54999999999563,0.3578044203628653,0.3578044203628653,1
CANBK_20251030,CANBK,2025-10-30,2025-10-30,2025-10-31,R2,R2,5.3,4.52,17.26,161.95,149.9,8.04,2.929658345452801,2.83,3.7657746880181406,3.7657746880181406,3.0155034028282413,3.0155034028282413,-120.95000000000437,120.95000000000437,-0.2079892282387368,0.2079892282387368,-166.09999999999854,166.09999999999854,-0.28666374997950306,0.28666374997950306,0
BANKBARODA_20251031,BANKBARODA,2025-10-31,2025-10-31,2025-11-03,R2,R2,9.3,8.14,14.25,168.03,151.38,11.0,3.15,3.074733358860036,4.4558850898619085,4.4558850898619085,1.6800607409061954,1.6800607409061954,-166.09999999999854,166.09999999999854,-0.28666374997950306,0.28666374997950306,374.59999999999854,374.59999999999854,0.6489181377469905,0.6489181377469905,1
SBIN_20251103,SBIN,2025-11-03,2025-11-03,2025-11-04,R2,R2,22.0,19.16,14.82,583.1,564.62,3.27,9.444550971733316,9.323746958943737,10.75613222250297,10.75613222250297,1.1664460406957369,1.1664460406957369,374.59999999999854,374.59999999999854,0.6489181377469905,0.6489181377469905,-139.59999999999854,139.59999999999854,-0.24082813134793635,0.24082813134793635,0
UNIONBANK_20260114,UNIONBANK,2026-01-14,2026-01-14,2026-01-16,R3,R3,6.6,5.39,22.45,138.69,138.74,-0.04,1.6991685514730113,1.7469161697133202,12.695186176192408,12.695186176192408,7.864023805180331,7.864023805180331,249.8000000000029,249.8000000000029,0.421032405842883,0.421032405842883,504.8000000000029,504.8000000000029,0.8471170248202988,0.8471170248202988,1
FEDERALBNK_20260115,FEDERALBNK,2026-01-15,2026-01-16,2026-01-19,R3,R3,4.79,4.07,17.69,37.53,36.62,2.48,5.384173319148935,5.189140843337453,22.67254178508577,22.67254178508577,9.191919191919185,9.191919191919185,504.8000000000029,504.8000000000029,0.8471170248202988,0.8471170248202988,-201.95000000000437,201.95000000000437,-0.33606075885332365,0.33606075885332365,0
ICICIBANK_20260117,ICICIBANK,2026-01-17,2026-01-19,2026-01-20,R3,R3,15.8,17.49,-9.66,293.0,298.65,-1.89,17.928097001213445,17.830359039161202,-19.13869966053926,19.13869966053926,-1.3786733689216912,1.3786733689216912,-201.95000000000437,201.95000000000437,-0.33606075885332365,0.33606075885332365,-447.20000000000437,447.20000000000437,-0.7471838586900296,0.7471838586900296,0
PNB_20260119,PNB,2026-01-19,2026-01-19,2026-01-20,R3,R3,4.4,4.2,4.76,155.55,153.75,1.17,3.104173700218981,3.132289776608701,-4.1299095197324505,4.1299095197324505,-3.2123959954387367,3.2123959954387367,-201.95000000000437,201.95000000000437,-0.33606075885332365,0.33606075885332365,-447.20000000000437,447.20000000000437,-0.7471838586900296,0.7471838586900296,0
YESBANK_20260118,YESBANK,2026-01-18,2026-01-19,2026-01-20,R3,R3,0.3,0.26,15.38,40.98,41.34,-0.87,1.616253215817278,1.6801005727795884,-1.2299995422363246,1.2299995422363246,-5.127134447567337,5.127134447567337,-201.95000000000437,201.95000000000437,-0.33606075885332365,0.33606075885332365,-447.20000000000437,447.20000000000437,-0.7471838586900296,0.7471838586900296,0
HDFCBANK_20260117,HDFCBANK,2026-01-17,2026-01-19,2026-01-20,R3,R3,12.1,11.95,1.26,458.69,456.7,0.44,22.1573380600679,21.882108696202465,-7.869837451391959,7.869837451391959,-0.8547921563533033,0.8547921563533033,-201.95000000000437,201.95000000000437,-0.33606075885332365,0.33606075885332365,-447.20000000000437,447.20000000000437,-0.7471838586900296,0.7471838586900296,0
AUBANK_20260120,AUBANK,2026-01-20,2026-01-20,2026-01-21,R3,R3,8.9,8.9,0.0,30.65,30.51,0.46,3.673616336041028,3.661290868092794,-19.7308393042631,19.7308393042631,-1.9343780607247674,1.9343780607247674,-447.20000000000437,447.20000000000437,-0.7471838586900296,0.7471838586900296,-341.6999999999971,341.6999999999971,-0.5777619965506697,0.5777619965506697,0
INDUSINDBK_20260122,INDUSINDBK,2026-01-22,2026-01-22,2026-01-23,R3,R3,2.0,1.17,70.94,62.68,61.23,2.37,4.093658344640256,4.084761090829804,-8.53616162029823,8.53616162029823,-0.9385277489537766,0.9385277489537766,5.849999999998545,5.849999999998545,0.00988271664899639,0.00988271664899639,-832.0500000000029,832.0500000000029,-1.4029978846693802,1.4029978846693802,0
KOTAKBANK_20260124,KOTAKBANK,2026-01-24,2026-01-27,2026-01-28,R3,R3,3.5,3.4,2.94,104.02,104.35,-0.32,8.772929161472156,8.754633558413923,-6.289130045331092,6.289130045331092,-1.5180693477033338,1.5180693477033338,839.3999999999942,839.3999999999942,1.4381648235575204,1.4381648235575204,23.150000000001455,23.150000000001455,0.038858157653339,0.038858157653339,1
AXISBANK_20260126,AXISBANK,2026-01-26,2026-01-27,2026-01-28,R3,R3,20.9,18.77,11.35,205.12,208.98,-1.85,10.393681524409429,10.434184247954695,26.979192105711945,26.979192105711945,2.0949719876679485,2.0949719876679485,839.3999999999942,839.3999999999942,1.4381648235575204,1.4381648235575204,23.150000000001455,23.150000000001455,0.038858157653339,0.038858157653339,1
CANBK_20260129,CANBK,2026-01-29,2026-01-29,2026-01-30,R3,R3,5.7,5.78,-1.38,171.52,173.81,-1.32,3.304194889540894,3.35,-7.434737227522589,7.434737227522589,-4.860754858089394,4.860754858089394,541.5999999999985,541.5999999999985,0.911535144005215,0.911535144005215,68.19999999999709,68.19999999999709,0.1145405153483402,0.1145405153483402,1
SBIN_20260206,SBIN,2026-02-06,2026-02-06,2026-02-09,R3,R3,22.78,19.0,19.89,635.49,595.49,6.72,11.890492250616116,11.182543593013817,-3.5362347120289996,3.5362347120289996,-0.33644631644277384,0.33644631644277384,153.45000000000437,153.45000000000437,0.25589031318840555,0.25589031318840555,-135.84999999999854,135.84999999999854,-0.22341839184806325,0.22341839184806325,0
ICICIBANK_20260418,ICICIBANK,2026-04-18,2026-04-20,2026-04-21,R3,R3,19.1,17.95,6.41,302.88,305.81,-0.96,12.995211645824336,12.867400356564133,-8.4289396300087,8.4289396300087,-0.622847534558863,0.622847534558863,-121.70000000000437,121.70000000000437,-0.21462311774909262,0.21462311774909262,547.8499999999985,547.8499999999985,0.9641240611295282,0.9641240611295282,1
YESBANK_20260419,YESBANK,2026-04-19,2026-04-20,2026-04-21,R3,R3,0.34,0.31,9.68,93.81,44.77,109.54,3.23695642878764,3.2928367460226404,-0.7999992370605504,0.7999992370605504,-3.8759654104533228,3.8759654104533228,-121.70000000000437,121.70000000000437,-0.21462311774909262,0.21462311774909262,547.8499999999985,547.8499999999985,0.9641240611295282,0.9641240611295282,1
HDFCBANK_20260418,HDFCBANK,2026-04-18,2026-04-20,2026-04-21,R3,R3,12.5,12.31,1.54,462.81,471.51,-1.85,18.34727828033578,18.224708599054264,-1.6231178751822881,1.6231178751822881,-0.20699578841327934,0.20699578841327934,-121.70000000000437,121.70000000000437,-0.21462311774909262,0.21462311774909262,547.8499999999985,547.8499999999985,0.9641240611295282,0.9641240611295282,1
INDUSINDBK_20260423,INDUSINDBK,2026-04-23,2026-04-23,2026-04-24,R3,R3,6.84,4.21,62.47,60.78,61.83,-1.7,5.8372671657655095,5.900144996738424,-1.3478535342959503,1.3478535342959503,-0.15667130114527247,0.15667130114527247,-303.9499999999971,303.9499999999971,-0.5369292311551391,0.5369292311551391,-80.44999999999709,80.44999999999709,-0.14322541133910346,0.14322541133910346,0
UNIONBANK_20260423,UNIONBANK,2026-04-23,2026-04-23,2026-04-24,R3,R3,7.0,5.4,29.63,148.18,144.56,2.5,2.7061797783974004,2.7371828396167284,-14.744661397539033,14.744661397539033,-7.789005450932102,7.789005450932102,-303.9499999999971,303.9499999999971,-0.5369292311551391,0.5369292311551391,-80.44999999999709,80.44999999999709,-0.14322541133910346,0.14322541133910346,0
AXISBANK_20260425,AXISBANK,2026-04-25,2026-04-27,2026-04-28,R3,R3,22.8,22.8,0.0,204.8,218.03,-6.07,9.837702472569184,9.953210143277436,-0.7994322625686436,0.7994322625686436,-0.06038104363206759,0.06038104363206759,101.70000000000437,101.70000000000437,0.18108136019344612,0.18108136019344612,-462.15000000000146,462.15000000000146,-0.8272991720742923,0.8272991720742923,0
AUBANK_20260427,AUBANK,2026-04-27,2026-04-27,2026-04-28,R3,R3,11.1,10.12,9.68,33.13,30.15,9.88,4.962516493332644,4.983843606671193,-13.986416605494924,13.986416605494924,-1.3245033112582743,1.3245033112582743,101.70000000000437,101.70000000000437,0.18108136019344612,0.18108136019344612,-462.15000000000146,462.15000000000146,-0.8272991720742923,0.8272991720742923,0
IDFCFIRSTB_20260425,IDFCFIRSTB,2026-04-25,2026-04-27,2026-04-28,R3,R3,0.4,0.56,-28.57,73.07,79.2,-7.74,4.185463558648425,4.215629376509879,2.4029369833512817,2.4029369833512817,3.5514235352765615,3.5514235352765615,101.70000000000437,101.70000000000437,0.18108136019344612,0.18108136019344612,-462.15000000000146,462.15000000000146,-0.8272991720742923,0.8272991720742923,0
FEDERALBNK_20260428,FEDERALBNK,2026-04-28,2026-04-28,2026-04-29,R3,R3,5.05,4.93,2.43,43.18,38.49,12.18,6.250353028599475,6.380158011541677,-2.242339389696781,2.242339389696781,-0.7683114062168402,0.7683114062168402,-462.15000000000146,462.15000000000146,-0.8272991720742923,0.8272991720742923,-230.90000000000146,230.90000000000146,-0.4150302420260836,0.4150302420260836,0
KOTAKBANK_20260502,KOTAKBANK,2026-05-02,2026-05-04,2026-05-05,R3,R3,4.0,3.53,13.31,109.92,111.14,-1.1,10.222953715412002,10.173472974881532,-7.23750472872598,7.23750472872598,-1.9134336544699375,1.9134336544699375,-59.400000000001455,59.400000000001455,-0.1081220796572156,0.1081220796572156,-144.25,144.25,-0.26375310149877584,0.26375310149877584,0
PNB_20260505,PNB,2026-05-05,2026-05-05,2026-05-06,R3,R3,4.55,4.13,10.17,145.42,157.34,-7.58,3.25139507603161,3.26766898793796,-0.8842900330978409,0.8842900330978409,-0.8364004012724826,0.8364004012724826,-144.25,144.25,-0.26375310149877584,0.26375310149877584,867.6500000000015,867.6500000000015,1.574299535140277,1.574299535140277,1
BANKBARODA_20260508,BANKBARODA,2026-05-08,2026-05-08,2026-05-11,R3,R3,10.86,8.94,21.48,164.61,152.22,8.14,4.627487273072031,4.520453205498766,-5.66672161831832,5.66672161831832,-2.1686769614515766,2.1686769614515766,-473.3999999999942,473.3999999999942,-0.8486311923053034,0.8486311923053034,-392.54999999999563,392.54999999999563,-0.7159081894024353,0.7159081894024353,0
SBIN_20260508,SBIN,2026-05-08,2026-05-08,2026-05-11,R3,R3,21.32,20.75,2.75,616.94,663.4,-7.0,8.889018026675693,9.163349082105556,-69.44820175328698,69.44820175328698,-6.486239652021208,6.486239652021208,-473.3999999999942,473.3999999999942,-0.8486311923053034,0.8486311923053034,-392.54999999999563,392.54999999999563,-0.7159081894024353,0.7159081894024353,0
CANBK_20260511,CANBK,2026-05-11,2026-05-11,2026-05-12,R3,R3,5.0,5.05,-0.99,146.32,163.71,-10.62,4.029653768695838,3.9464351131642097,-3.4753669112986927,3.4753669112986927,-2.69885091066932,2.69885091066932,-392.54999999999563,392.54999999999563,-0.7159081894024353,0.7159081894024353,-623.2000000000044,623.2000000000044,-1.1502739098976793,1.1502739098976793,0
UNIONBANK_20260715,UNIONBANK,2026-07-15,2026-07-15,2026-07-16,R3,R3,7.0,5.3,32.08,146.4,142.78,2.54,2.9068688987877658,2.960479930784286,1.1699981689453125,1.1699981689453125,0.6833702021288153,0.6833702021288153,114.09999999999854,114.09999999999854,0.19793993277675126,0.19793993277675126,-248.84999999999854,248.84999999999854,-0.4303048013957863,0.4303048013957863,0
YESBANK_20260717,YESBANK,2026-07-17,2026-07-17,2026-07-20,R3,R3,0.34,0.24,41.67,98.42,41.24,138.65,3.31442946253395,3.383496981670089,-0.13999938964844105,0.13999938964844105,-0.5894711143092255,0.5894711143092255,859.4000000000015,859.4000000000015,1.4904096285248543,1.4904096285248543,206.75,206.75,0.358081514420683,0.358081514420683,1
FEDERALBNK_20260717,FEDERALBNK,2026-07-17,2026-07-17,2026-07-20,R3,R3,4.6,4.63,-0.65,39.94,38.82,2.89,7.644109436197071,7.540839699213533,20.23087110768006,20.23087110768006,6.17584029178033,6.17584029178033,859.4000000000015,859.4000000000015,1.4904096285248543,1.4904096285248543,206.75,206.75,0.358081514420683,0.358081514420683,1
PNB_20260718,PNB,2026-07-18,2026-07-20,2026-07-21,R3,R3,4.59,3.12,47.12,151.32,150.44,0.58,3.4362350186235484,3.4209982863527526,3.5,3.5,3.2329576306452736,3.2329576306452736,206.75,206.75,0.358081514420683,0.358081514420683,-18.400000000001455,18.400000000001455,-0.03180433420478613,0.03180433420478613,0
AXISBANK_20260718,AXISBANK,2026-07-18,2026-07-20,2026-07-21,R3,R3,22.9,22.99,-0.39,213.82,216.43,-1.21,8.71950268560985,8.69047303516433,-19.0,19.0,-1.4901960784313726,1.4901960784313726,206.75,206.75,0.358081514420683,0.358081514420683,-18.400000000001455,18.400000000001455,-0.03180433420478613,0.03180433420478613,0
HDFCBANK_20260718,HDFCBANK,2026-07-18,2026-07-20,2026-07-21,R3,R3,12.4,12.6,-1.59,463.56,472.33,-1.86,17.704381438524806,18.051251760048743,-12.4000244140625,12.4000244140625,-1.5696233435522153,1.5696233435522153,206.75,206.75,0.358081514420683,0.358081514420683,-18.400000000001455,18.400000000001455,-0.03180433420478613,0.03180433420478613,0
ICICIBANK_20260718,ICICIBANK,2026-07-18,2026-07-20,2026-07-21,R3,R3,20.62,18.83,9.51,329.6,315.18,4.58,14.769178075977882,14.716562966294816,15.568699539233421,15.568699539233421,1.0868778935185177,1.0868778935185177,206.75,206.75,0.358081514420683,0.358081514420683,-18.400000000001455,18.400000000001455,-0.03180433420478613,0.03180433420478613,0
KOTAKBANK_20260718,KOTAKBANK,2026-07-18,2026-07-20,2026-07-21,R3,R3,4.1,4.06,0.99,112.67,111.02,1.49,9.62656114319961,9.514194596772835,0.04998779296880684,0.04998779296880684,0.013085809677698125,0.013085809677698125,206.75,206.75,0.358081514420683,0.358081514420683,-18.400000000001455,18.400000000001455,-0.03180433420478613,0.03180433420478613,0
INDUSINDBK_20260722,INDUSINDBK,2026-07-22,2026-07-22,2026-07-23,R3,R3,12.86,9.14,40.7,64.7,59.32,9.07,5.191716586566419,5.470895625604697,11.300048828125,11.300048828125,1.0680575451913987,1.0680575451913987,-641.5999999999985,641.5999999999985,-1.1106418041697512,1.1106418041697512,-204.9499999999971,204.9499999999971,-0.36084684124763233,0.36084684124763233,0
BANKBARODA_20260724,BANKBARODA,2026-07-24,2026-07-24,2026-07-27,R3,R3,2.5,8.7,-71.26,159.95,161.92,-1.22,3.488106148117544,3.54800420916819,4.4499969482421875,4.4499969482421875,1.8388417141496642,1.8388417141496642,524.0999999999985,524.0999999999985,0.933070319426589,0.933070319426589,-29.60000000000582,29.60000000000582,-0.05182363157600885,0.05182363157600885,0
CANBK_20260727,CANBK,2026-07-27,2026-07-27,2026-07-28,R3,R3,5.4,4.44,21.62,169.43,156.14,8.51,3.2500257965370607,3.309711702820206,0.760002136230483,0.760002136230483,0.6007922025537414,0.6007922025537414,-29.60000000000582,29.60000000000582,-0.05182363157600885,0.05182363157600885,-127.95000000000437,127.95000000000437,-0.22493321883040765,0.22493321883040765,0
IDFCFIRSTB_20260725,IDFCFIRSTB,2026-07-25,2026-07-27,2026-07-28,R3,R3,1.25,0.74,68.92,82.81,80.11,3.37,4.64400268918469,4.570214215047306,-1.4158465082123683,1.4158465082123683,-1.645429603853196,1.645429603853196,-29.60000000000582,29.60000000000582,-0.05182363157600885,0.05182363157600885,-127.95000000000437,127.95000000000437,-0.22493321883040765,0.22493321883040765,0
AUBANK_20260725,AUBANK,2026-07-25,2026-07-27,2026-07-28,R3,R3,10.6,10.8,-1.85,33.85,34.4,-1.6,4.677517720826973,4.670352383502207,31.169680100631922,31.169680100631922,3.055822837597943,3.055822837597943,-29.60000000000582,29.60000000000582,-0.05182363157600885,0.05182363157600885,-127.95000000000437,127.95000000000437,-0.22493321883040765,0.22493321883040765,0
SBIN_20260806,SBIN,2026-08-06,2026-08-06,2026-08-07,R3,R3,22.88,19.86,15.21,629.15,587.33,7.12,10.025767080074235,9.858620740008435,32.5,32.5,3.0878859857482186,3.0878859857482186,248.65000000000146,248.65000000000146,0.4300786992994922,0.4300786992994922,-135.5500000000029,135.5500000000029,-0.2341833385162968,0.2341833385162968,0
