regime_id,start_snapshot_date,symbol
R1,2023-01-31,AUBANK
R1,2023-01-31,AXISBANK
R1,2023-01-31,BANDHANBNK
R1,2023-01-31,BANKBARODA
R1,2023-01-31,FEDERALBNK
R1,2023-01-31,HDFCBANK
R1,2023-01-31,ICICIBANK
R1,2023-01-31,IDFCFIRSTB
R1,2023-01-31,INDUSINDBK
R1,2023-01-31,KOTAKBANK
R1,2023-01-31,PNB
R1,2023-01-31,SBIN
R2,2024-09-30,AUBANK
R2,2024-09-30,AXISBANK
R2,2024-09-30,BANKBARODA
R2,2024-09-30,CANBK
R2,2024-09-30,FEDERALBNK
R2,2024-09-30,HDFCBANK
R2,2024-09-30,ICICIBANK
R2,2024-09-30,IDFCFIRSTB
R2,2024-09-30,INDUSINDBK
R2,2024-09-30,KOTAKBANK
R2,2024-09-30,PNB
R2,2024-09-30,SBIN
R3,2025-12-31,AUBANK
R3,2025-12-31,AXISBANK
R3,2025-12-31,BANKBARODA
R3,2025-12-31,CANBK
R3,2025-12-31,FEDERALBNK
R3,2025-12-31,HDFCBANK
R3,2025-12-31,ICICIBANK
R3,2025-12-31,IDFCFIRSTB
R3,2025-12-31,INDUSINDBK
R3,2025-12-31,KOTAKBANK
R3,2025-12-31,PNB
R3,2025-12-31,SBIN
R3,2025-12-31,UNIONBANK
R3,2025-12-31,YESBANK
