symbol,date,period_end,eps_actual,eps_forecast,revenue_actual,revenue_forecast,eps_surprise,revenue_surprise,reaction
AXISBANK,2026-10-15,09/2026,--,17.50,--,220.00B,--,--,--
AXISBANK,2026-07-18,06/2026,22.90,22.99,213.82B,216.43B,-0.39%,-1.21%,-5.46%
AXISBANK,2026-04-25,03/2026,22.80,22.80,204.80B,218.03B,0%,-6.07%,-3.05%
AXISBANK,2026-01-26,12/2025,20.90,18.77,205.12B,208.98B,+11.35%,-1.85%,+4.59%
AXISBANK,2025-10-15,09/2025,17.72,16.27,323.10B,199.35B,+8.91%,+62.08%,+1.66%
AXISBANK,2025-07-17,06/2025,20.04,18.76,323.48B,204.85B,+6.82%,+57.91%,-5.91%
AXISBANK,2025-04-24,03/2025,23.00,20.72,205.90B,205.58B,+11%,+0.16%,-3.36%
AXISBANK,2025-01-16,12/2024,21.65,19.72,321.62B,201.18B,+9.79%,+59.87%,-3.48%
AXISBANK,2024-10-17,09/2024,22.39,22.26,202.05B,202.05B,+0.58%,0%,+3.79%
AXISBANK,2024-07-24,06/2024,19.50,19.59,192.32B,190.29B,-0.46%,+1.07%,-6.91%
AXISBANK,2024-04-24,03/2024,23.10,23.08,198.55B,195.87B,+0.09%,+1.37%,+6.75%
AXISBANK,2024-01-23,12/2023,19.70,19.75,180.87B,180.75B,-0.25%,+0.07%,-5.52%
AXISBANK,2023-10-25,09/2023,19.00,19.00,173.49B,173.44B,0%,+0.03%,+0.8%
AXISBANK,2023-07-26,06/2023,18.80,18.85,170.46B,170.44B,-0.27%,+0.01%,-0.27%
AXISBANK,2023-04-27,03/2023,-18.60,-18.64,166.38B,166.27B,+0.21%,+0.07%,-3.11%
AXISBANK,2023-01-23,12/2022,19.00,18.92,161.25B,158.79B,+0.42%,+1.55%,-2.19%
AUBANK,2026-10-23,09/2026,--,10.78,--,35.51B,--,--,--
AUBANK,2026-07-25,06/2026,10.60,10.80,33.85B,34.40B,-1.85%,-1.6%,+4.8%
AUBANK,2026-04-27,03/2026,11.10,10.12,33.13B,30.15B,+9.68%,+9.88%,-4.02%
AUBANK,2026-01-20,12/2025,8.90,8.90,30.65B,30.51B,0%,+0.46%,-2.55%
AUBANK,2025-10-17,09/2025,7.48,7.79,45.11B,25.44B,-3.98%,+77.32%,+8.35%
AUBANK,2025-07-19,06/2025,7.80,6.86,28.55B,26.16B,+13.7%,+9.14%,-5.28%
AUBANK,2025-04-22,03/2025,6.80,6.66,28.55B,27.18B,+2.1%,+5.04%,+6.71%
AUBANK,2025-01-24,12/2024,7.10,7.10,26.41B,24.64B,0%,+7.18%,-3.25%
AUBANK,2024-10-23,09/2024,7.70,7.03,26.12B,23.93B,+9.53%,+9.15%,+1.12%
AUBANK,2024-07-25,06/2024,6.79,6.65,24.66B,24.66B,+2.11%,0%,-1.39%
AUBANK,2024-04-24,03/2024,5.50,5.87,18.93B,18.93B,-6.3%,0%,-0.11%
AUBANK,2024-01-25,12/2023,5.60,5.70,17.75B,17.75B,-1.75%,0%,-15.04%
AUBANK,2023-10-18,09/2023,6.00,6.09,16.74B,16.74B,-1.48%,0%,-0.21%
AUBANK,2023-08-30,06/2023,5.80,5.80,15.61B,15.61B,0%,0%,-1.08%
AUBANK,2023-05-31,03/2023,6.40,6.32,15.46B,15.46B,+1.27%,0%,-0.82%
AUBANK,2023-01-30,12/2022,5.90,5.92,14.48B,14.48B,-0.34%,0%,+2.48%
BANKBARODA,2026-11-02,09/2026,--,8.79,--,166.39B,--,--,--
BANKBARODA,2026-07-24,06/2026,2.50,8.70,159.95B,161.92B,-71.26%,-1.22%,+0.35%
BANKBARODA,2026-05-08,03/2026,10.86,8.94,164.61B,152.22B,+21.48%,+8.14%,-1.61%
BANKBARODA,2026-01-30,12/2025,9.77,8.86,154.00B,158.79B,+10.27%,-3.02%,-7.52%
BANKBARODA,2025-10-31,09/2025,9.30,8.14,168.03B,151.38B,+14.25%,+11%,+6.76%
BANKBARODA,2025-07-25,06/2025,8.78,8.27,161.10B,135.73B,+6.17%,+18.69%,-2.64%
BANKBARODA,2025-05-06,03/2025,9.76,6.75,358.52B,157.29B,+44.59%,+127.94%,-9.89%
BANKBARODA,2025-01-30,12/2024,9.35,8.37,151.86B,140.47B,+11.71%,+8.11%,-4.13%
BANKBARODA,2024-10-25,09/2024,10.10,8.21,168.03B,167.94B,+23.02%,+0.05%,+2.1%
BANKBARODA,2024-07-31,06/2024,8.62,8.62,140.87B,140.87B,0%,0%,-1.95%
BANKBARODA,2024-05-10,03/2024,9.45,9.45,159.84B,159.84B,0%,0%,-1.37%
BANKBARODA,2024-01-30,12/2023,8.86,8.86,139.12B,139.12B,0%,0%,+5.7%
BANKBARODA,2023-11-03,09/2023,8.22,8.22,150.02B,150.02B,0%,0%,-2.15%
BANKBARODA,2023-08-06,06/2023,7.87,7.87,143.19B,143.19B,0%,0%,-1.02%
BANKBARODA,2023-05-16,03/2023,9.22,9.35,149.91B,148.73B,-1.39%,+0.79%,+1.12%
BANKBARODA,2023-02-03,12/2022,7.45,7.41,143.70B,141.21B,+0.54%,+1.76%,+8.99%
CANBK,2026-10-29,09/2026,--,3.52,--,164.07B,--,--,--
CANBK,2026-07-27,06/2026,5.40,4.44,169.43B,156.14B,+21.62%,+8.51%,-1.12%
CANBK,2026-05-11,03/2026,5.00,5.05,146.32B,163.71B,-0.99%,-10.62%,-3.22%
CANBK,2026-01-29,12/2025,5.70,5.78,171.52B,173.81B,-1.38%,-1.32%,-6.54%
CANBK,2025-10-30,09/2025,5.30,4.52,161.95B,149.90B,+17.26%,+8.04%,+6.38%
CANBK,2025-07-24,06/2025,5.54,4.80,315.23B,133.20B,+15.42%,+136.66%,+2.75%
CANBK,2025-05-08,03/2025,5.50,4.56,157.93B,151.91B,+20.61%,+3.96%,+4.24%
CANBK,2025-01-27,12/2024,4.50,4.57,149.51B,145.88B,-1.53%,+2.49%,-5.1%
CANBK,2024-10-29,09/2024,4.40,4.22,142.96B,142.98B,+4.27%,-0.01%,+2.65%
CANBK,2024-07-25,06/2024,4.30,4.06,144.85B,144.86B,+5.91%,-0.01%,+1.24%
CANBK,2024-05-08,03/2024,4.14,4.14,147.98B,147.98B,0%,0%,-5.42%
CANBK,2024-01-24,12/2023,4.03,4.03,137.12B,137.11B,0%,+0.01%,+2.06%
CANBK,2023-10-26,09/2023,3.98,3.98,135.38B,135.38B,0%,0%,+7.65%
CANBK,2023-07-24,06/2023,3.90,3.90,134.85B,134.84B,0%,+0.01%,-1.57%
CANBK,2023-05-08,03/2023,3.50,3.52,133.92B,133.92B,-0.57%,0%,-4.93%
CANBK,2023-01-23,12/2022,3.18,3.23,125.86B,123.22B,-1.55%,+2.14%,+0.38%
PNB,2026-10-22,09/2026,--,3.65,--,150.73B,--,--,--
PNB,2026-07-18,06/2026,4.59,3.12,151.32B,150.44B,+47.12%,+0.58%,+5.66%
PNB,2026-05-05,03/2026,4.55,4.13,145.42B,157.34B,+10.17%,-7.58%,+1.38%
PNB,2026-01-19,12/2025,4.40,4.20,155.55B,153.75B,+4.76%,+1.17%,-4.98%
PNB,2025-10-18,09/2025,4.46,3.90,325.13B,151.63B,+14.36%,+114.42%,+3.87%
PNB,2025-07-30,06/2025,1.50,3.79,158.46B,133.53B,-60.42%,+18.67%,-3.58%
PNB,2025-05-07,03/2025,4.00,3.96,154.73B,156.45B,+1.01%,-1.1%,-3.29%
PNB,2025-01-31,12/2024,3.92,3.76,144.42B,145.50B,+4.26%,-0.74%,+2.93%
PNB,2024-10-28,09/2024,3.90,3.18,150.89B,143.50B,+22.64%,+5.15%,+5.86%
PNB,2024-07-27,06/2024,3.00,2.94,140.88B,140.88B,+2.04%,0%,+5.88%
PNB,2024-05-09,03/2024,2.70,2.71,146.11B,146.10B,-0.37%,+0.01%,-0.72%
PNB,2024-01-25,12/2023,2.00,2.01,129.67B,129.67B,-0.5%,0%,+5.19%
PNB,2023-10-26,09/2023,1.60,1.60,129.51B,129.51B,0%,0%,+5.25%
PNB,2023-07-26,06/2023,1.10,1.12,129.38B,129.38B,-1.79%,0%,+2.8%
PNB,2023-05-19,03/2023,1.10,1.09,129.19B,126.31B,+0.92%,+2.28%,+4.33%
PNB,2023-01-30,12/2022,0.600,0.590,125.17B,117.89B,+1.69%,+6.18%,+5.41%
BANDHANBNK,2026-10-23,09/2026,--,4.74,--,37.39B,--,--,--
BANDHANBNK,2026-07-21,06/2026,3.10,3.47,35.24B,34.11B,-10.66%,+3.31%,-17.9%
BANDHANBNK,2026-04-28,03/2026,3.30,2.56,35.66B,34.71B,+28.91%,+2.74%,+9.03%
BANDHANBNK,2026-01-22,12/2025,1.30,1.83,33.79B,35.19B,-28.96%,-3.98%,+8.23%
BANDHANBNK,2025-10-30,09/2025,0.700,2.31,31.35B,31.80B,-69.7%,-1.42%,-9.1%
BANDHANBNK,2025-07-18,06/2025,2.31,2.56,54.76B,32.17B,-9.77%,+70.22%,-1.59%
BANDHANBNK,2025-04-30,03/2025,2.00,3.79,34.56B,35.86B,-47.23%,-3.63%,-3.67%
BANDHANBNK,2025-01-31,12/2024,2.65,5.05,39.26B,36.72B,-47.52%,+6.92%,+2.12%
BANDHANBNK,2024-10-25,09/2024,5.82,5.47,35.43B,35.00B,+6.4%,+1.23%,+2.3%
BANDHANBNK,2024-07-25,06/2024,6.60,4.86,60.63B,32.48B,+35.8%,+86.67%,+2.34%
BANDHANBNK,2024-05-16,03/2024,0.340,0.340,58.83B,58.83B,0%,0%,-4.61%
BANDHANBNK,2024-02-08,12/2023,4.55,4.55,52.11B,52.11B,0%,0%,-0.02%
BANDHANBNK,2023-10-27,09/2023,4.50,4.49,29.84B,29.84B,+0.22%,0%,+1.04%
BANDHANBNK,2023-07-24,06/2023,4.48,4.49,28.80B,28.80B,-0.22%,0%,+0.09%
BANDHANBNK,2023-05-19,03/2023,5.00,5.01,31.01B,30.59B,-0.2%,+1.37%,-0.68%
BANDHANBNK,2023-01-20,12/2022,1.80,1.80,31.14B,31.13B,0%,+0.03%,+4.95%
FEDERALBNK,2026-10-16,09/2026,--,4.85,--,42.41B,--,--,--
FEDERALBNK,2026-07-17,06/2026,4.60,4.63,39.94B,38.82B,-0.65%,+2.89%,+7.39%
FEDERALBNK,2026-04-28,03/2026,5.05,4.93,43.18B,38.49B,+2.43%,+12.18%,-3.16%
FEDERALBNK,2026-01-15,12/2025,4.79,4.07,37.53B,36.62B,+17.69%,+2.48%,+9.48%
FEDERALBNK,2025-10-17,09/2025,3.85,3.53,35.77B,34.51B,+9.07%,+3.65%,+5.86%
FEDERALBNK,2025-08-01,06/2025,3.47,3.78,34.50B,33.41B,-8.2%,+3.26%,-2.95%
FEDERALBNK,2025-04-30,03/2025,4.40,4.10,71.08B,33.28B,+7.32%,+113.58%,-6.75%
FEDERALBNK,2025-01-27,12/2024,3.85,4.28,33.48B,29.90B,-10.05%,+11.97%,-2.13%
FEDERALBNK,2024-10-28,09/2024,4.27,4.13,33.31B,33.31B,+3.39%,0%,+7.76%
FEDERALBNK,2024-07-23,06/2024,4.10,4.11,32.07B,28.97B,-0.24%,+10.7%,+4.3%
FEDERALBNK,2024-05-02,03/2024,3.68,3.68,29.49B,29.49B,0%,0%,+2.06%
FEDERALBNK,2024-01-15,12/2023,4.11,4.11,29.86B,29.86B,0%,0%,-0.93%
FEDERALBNK,2023-10-16,09/2023,4.12,4.12,27.87B,27.87B,0%,0%,-0.67%
FEDERALBNK,2023-07-12,06/2023,3.98,3.98,26.51B,26.51B,0%,0%,-6.11%
FEDERALBNK,2023-05-08,03/2023,4.21,4.21,26.43B,26.43B,0%,0%,+0.63%
FEDERALBNK,2023-01-15,12/2022,3.75,3.75,24.91B,24.91B,0%,0%,+1.34%
INDUSINDBK,2026-10-21,09/2026,--,9.58,--,64.09B,--,--,--
INDUSINDBK,2026-07-22,06/2026,12.86,9.14,64.70B,59.32B,+40.7%,+9.07%,-5.45%
INDUSINDBK,2026-04-23,03/2026,6.84,4.21,60.78B,61.83B,+62.47%,-1.7%,-2.55%
INDUSINDBK,2026-01-22,12/2025,2.00,1.17,62.68B,61.23B,+70.94%,+2.37%,-1.62%
INDUSINDBK,2025-10-18,09/2025,-5.61,5.60,116.09B,63.94B,-200.18%,+81.56%,+1.17%
INDUSINDBK,2025-07-27,06/2025,8.78,7.75,67.96B,66.82B,+13.29%,+1.71%,-2.63%
INDUSINDBK,2025-05-20,03/2025,-28.70,17.18,37.57B,72.79B,-267.05%,-48.39%,-1.8%
INDUSINDBK,2025-01-31,12/2024,18.00,18.62,128.01B,78.57B,-3.33%,+62.92%,+5.47%
INDUSINDBK,2024-10-24,09/2024,17.00,28.40,75.31B,67.65B,-40.14%,+11.32%,-18.26%
INDUSINDBK,2024-07-25,06/2024,27.70,27.77,78.49B,81.28B,-0.25%,-3.43%,+0.52%
INDUSINDBK,2024-04-25,03/2024,30.10,30.10,76.91B,76.91B,0%,0%,-1.92%
INDUSINDBK,2024-01-17,12/2023,29.50,29.50,76.91B,76.91B,0%,0%,-3.25%
INDUSINDBK,2023-10-17,09/2023,28.31,28.31,73.59B,73.59B,0%,0%,-1.8%
INDUSINDBK,2023-07-17,06/2023,27.33,27.33,70.77B,70.77B,0%,0%,+0.96%
INDUSINDBK,2023-04-20,03/2023,26.30,26.24,68.20B,68.78B,+0.23%,-0.84%,-0.36%
INDUSINDBK,2023-01-18,12/2022,25.29,25.29,65.72B,65.72B,0%,0%,-2.42%
IDFCFIRSTB,2026-10-26,09/2026,--,1.15,--,85.51B,--,--,--
IDFCFIRSTB,2026-07-25,06/2026,1.25,0.740,82.81B,80.11B,+68.92%,+3.37%,+5.06%
IDFCFIRSTB,2026-04-25,03/2026,0.400,0.560,73.07B,79.20B,-28.57%,-7.74%,+4.52%
IDFCFIRSTB,2026-01-31,12/2025,0.600,0.705,76.17B,73.67B,-14.89%,+3.39%,-1.85%
IDFCFIRSTB,2025-10-18,09/2025,0.350,0.653,99.37B,70.65B,-46.43%,+40.65%,+7.03%
IDFCFIRSTB,2025-07-26,06/2025,0.600,0.570,71.60B,64.88B,+5.26%,+10.36%,+0.03%
IDFCFIRSTB,2025-04-26,03/2025,0.410,0.815,68.03B,69.05B,-49.69%,-1.48%,+0.64%
IDFCFIRSTB,2025-01-25,12/2024,0.500,0.660,66.82B,67.14B,-24.24%,-0.48%,-8.9%
IDFCFIRSTB,2024-10-26,09/2024,0.300,0.880,65.15B,65.96B,-65.91%,-1.23%,+2.49%
IDFCFIRSTB,2024-07-27,06/2024,0.900,0.830,63.14B,63.08B,+8.43%,+0.1%,+0.47%
IDFCFIRSTB,2024-04-27,03/2024,1.01,1.09,61.11B,61.11B,-7.34%,0%,-3.71%
IDFCFIRSTB,2024-01-20,12/2023,1.01,1.02,58.03B,56.89B,-0.98%,+2%,-4.55%
IDFCFIRSTB,2023-10-28,09/2023,1.10,1.11,53.80B,53.80B,-0.9%,0%,-3.31%
IDFCFIRSTB,2023-07-29,06/2023,1.15,1.15,51.59B,51.59B,0%,0%,+3.87%
IDFCFIRSTB,2023-04-29,03/2023,1.23,1.23,49.94B,49.93B,0%,+0.02%,+3.91%
IDFCFIRSTB,2023-01-21,12/2022,0.965,0.970,44.38B,44.39B,-0.52%,-0.02%,-0.08%
UNIONBANK,2026-11-04,09/2026,--,6.05,--,148.08B,--,--,--
UNIONBANK,2026-07-15,06/2026,7.00,5.30,146.40B,142.78B,+32.08%,+2.54%,-1.11%
UNIONBANK,2026-04-23,03/2026,7.00,5.40,148.18B,144.56B,+29.63%,+2.5%,-8.79%
UNIONBANK,2026-01-14,12/2025,6.60,5.39,138.69B,138.74B,+22.45%,-0.04%,+5.99%
UNIONBANK,2025-10-30,09/2025,5.60,5.14,138.08B,132.61B,+8.95%,+4.12%,+1.75%
UNIONBANK,2025-07-19,06/2025,5.80,5.50,274.75B,116.79B,+5.45%,+135.25%,-2.61%
UNIONBANK,2025-05-08,03/2025,6.50,--,150.73B,140.94B,--,+6.95%,+3.74%
UNIONBANK,2025-01-27,12/2024,6.06,4.40,271.35B,136.62B,+37.73%,+98.62%,+3.05%
UNIONBANK,2024-10-21,09/2024,6.20,4.75,143.78B,143.81B,+30.53%,-0.02%,-2.66%
UNIONBANK,2024-07-19,06/2024,4.80,4.70,139.20B,110.17B,+2.13%,+26.35%,-2.6%
UNIONBANK,2024-05-10,03/2024,4.36,4.47,141.40B,141.36B,-2.46%,+0.03%,-4.01%
UNIONBANK,2024-01-20,12/2023,4.80,4.78,129.41B,125.32B,+0.42%,+3.26%,+2.98%
UNIONBANK,2023-10-27,09/2023,4.70,4.82,128.21B,123.23B,-2.49%,+4.04%,+5.22%
UNIONBANK,2023-07-20,06/2023,4.70,4.70,127.43B,125.01B,0%,+1.94%,+6.23%
UNIONBANK,2023-05-06,03/2023,4.10,4.10,135.20B,135.20B,0%,0%,-3.27%
UNIONBANK,2023-01-20,12/2022,3.10,3.30,118.99B,114.80B,-6.06%,+3.65%,-0.12%
YESBANK,2026-10-19,09/2026,--,0.365,--,--,--,--,--
YESBANK,2026-07-17,06/2026,0.340,0.240,98.42B,41.24B,+41.67%,+138.65%,-3.45%
YESBANK,2026-04-19,03/2026,0.340,0.310,93.81B,44.77B,+9.68%,+109.54%,-1.73%
YESBANK,2026-01-18,12/2025,0.300,0.260,40.98B,41.34B,+15.38%,-0.87%,-2.98%
YESBANK,2025-10-20,09/2025,0.210,0.200,39.45B,40.34B,+5%,-2.21%,+2.25%
YESBANK,2025-07-19,06/2025,0.250,0.200,93.48B,37.93B,+25%,+146.45%,-0.05%
YESBANK,2025-04-20,03/2025,0.230,0.255,93.55B,43.89B,-9.8%,+113.15%,+4.04%
YESBANK,2025-01-27,12/2024,0.200,0.230,37.36B,39.92B,-13.04%,-6.41%,+0.71%
YESBANK,2024-10-25,09/2024,0.180,0.173,36.07B,38.76B,+4.35%,-6.94%,+2.6%
YESBANK,2024-07-21,06/2024,0.160,0.150,34.43B,35.83B,+6.67%,-3.91%,+3.63%
YESBANK,2024-04-28,03/2024,0.150,0.150,90.16B,90.16B,0%,0%,+3.63%
YESBANK,2024-01-29,12/2023,0.080,0.090,32.11B,32.11B,-11.11%,0%,-3.82%
YESBANK,2023-10-20,09/2023,0.080,0.080,31.35B,31.35B,0%,0%,-4.11%
YESBANK,2023-07-21,06/2023,0.120,0.120,75.84B,75.84B,0%,0%,-1.69%
YESBANK,2023-04-28,03/2023,0.100,0.090,31.88B,31.88B,+11.11%,0%,+2.24%
YESBANK,2023-01-22,12/2022,0.020,0.020,31.14B,31.14B,0%,0%,-8.1%
HDFCBANK,2026-10-19,09/2026,--,--,--,--,--,--,--
HDFCBANK,2026-07-18,06/2026,12.40,12.60,463.56B,472.33B,-1.59%,-1.86%,-5.12%
HDFCBANK,2026-04-18,03/2026,12.50,12.31,462.81B,471.51B,+1.54%,-1.85%,-0.56%
HDFCBANK,2026-01-17,12/2025,12.10,11.95,458.69B,456.70B,+1.26%,+0.44%,-0.34%
HDFCBANK,2025-10-18,09/2025,12.10,11.34,459.02B,437.19B,+6.7%,+4.99%,+0.04%
HDFCBANK,2025-07-19,06/2025,11.85,22.79,531.68B,422.22B,-48%,+25.92%,+2.2%
HDFCBANK,2025-04-19,03/2025,11.50,22.43,440.94B,434.98B,-48.73%,+1.37%,+1.07%
HDFCBANK,2025-01-22,12/2024,10.95,22.20,421.07B,428.35B,-50.68%,-1.7%,+1.37%
HDFCBANK,2024-10-19,09/2024,11.00,21.30,415.97B,378.24B,-48.36%,+9.98%,+2.79%
HDFCBANK,2024-07-20,06/2024,10.64,21.20,405.05B,400.41B,-49.81%,+1.16%,+2.19%
HDFCBANK,2024-04-15,03/2024,10.85,21.75,472.43B,472.38B,-50.11%,+0.01%,-0.64%
HDFCBANK,2024-01-16,12/2023,10.80,21.66,396.08B,390.78B,-50.14%,+1.36%,-8.09%
HDFCBANK,2023-10-16,09/2023,10.51,21.07,380.93B,374.63B,-50.12%,+1.68%,+0.35%
HDFCBANK,2023-07-17,06/2023,10.50,21.14,328.29B,327.68B,-50.33%,+0.19%,+2.01%
HDFCBANK,2023-04-15,03/2023,10.80,21.63,320.83B,320.83B,-50.07%,0%,-1.52%
HDFCBANK,2023-01-14,12/2022,11.00,21.99,314.88B,314.79B,-49.98%,+0.03%,-0.96%
ICICIBANK,2026-10-19,09/2026,--,--,--,--,--,--,--
ICICIBANK,2026-07-18,06/2026,20.62,18.83,329.60B,315.18B,+9.51%,+4.58%,+1.1%
ICICIBANK,2026-04-18,03/2026,19.10,17.95,302.88B,305.81B,+6.41%,-0.96%,+0.7%
ICICIBANK,2026-01-17,12/2025,15.80,17.49,293.00B,298.65B,-9.66%,-1.89%,-2.14%
ICICIBANK,2025-10-18,09/2025,18.42,17.03,481.81B,289.41B,+8.16%,+66.48%,-3.22%
ICICIBANK,2025-07-19,06/2025,17.90,16.75,301.39B,271.68B,+6.87%,+10.94%,+2.81%
ICICIBANK,2025-04-19,03/2025,17.70,16.23,284.53B,278.18B,+9.06%,+2.28%,+0.22%
ICICIBANK,2025-01-25,12/2024,16.70,16.28,274.39B,252.59B,+2.58%,+8.63%,+1.55%
ICICIBANK,2024-10-26,09/2024,16.70,16.70,272.25B,245.51B,0%,+10.89%,+2.98%
ICICIBANK,2024-07-27,06/2024,15.70,15.62,265.55B,265.58B,+0.51%,-0.01%,+0.46%
ICICIBANK,2024-04-27,03/2024,15.20,15.17,247.42B,247.30B,+0.2%,+0.05%,+4.72%
ICICIBANK,2024-01-20,12/2023,14.60,14.60,247.76B,247.77B,0%,-0%,+2.99%
ICICIBANK,2023-10-21,09/2023,14.60,14.57,240.85B,240.84B,+0.21%,+0%,-0.3%
ICICIBANK,2023-07-22,06/2023,13.80,13.76,236.62B,236.40B,+0.29%,+0.09%,-0.5%
ICICIBANK,2023-04-22,03/2023,13.06,13.01,227.55B,225.42B,+0.38%,+0.94%,+2.16%
ICICIBANK,2023-01-21,12/2022,11.90,11.90,214.89B,214.89B,0%,0%,+0.16%
SBIN,2026-11-05,09/2026,--,--,--,--,--,--,--
SBIN,2026-08-06,06/2026,22.88,19.86,629.15B,587.33B,+15.21%,+7.12%,+4%
SBIN,2026-05-08,03/2026,21.32,20.75,616.94B,663.40B,+2.75%,-7%,-10.84%
SBIN,2026-02-06,12/2025,22.78,19.00,635.49B,595.49B,+19.89%,+6.72%,+6.75%
SBIN,2025-11-03,09/2025,22.00,19.16,583.10B,564.62B,+14.82%,+3.27%,+2.2%
SBIN,2025-08-07,06/2025,21.47,17.84,584.18B,566.22B,+20.35%,+3.17%,-0.11%
SBIN,2025-05-21,03/2025,21.96,18.89,1.27T,587.04B,+16.25%,+116.34%,-0.05%
SBIN,2025-02-05,12/2024,18.93,17.89,524.86B,502.40B,+5.81%,+4.47%,-3.46%
SBIN,2024-11-08,09/2024,20.54,17.16,568.90B,502.48B,+19.7%,+13.22%,-1.39%
SBIN,2024-08-14,06/2024,19.09,18.84,522.87B,510.86B,+1.33%,+2.35%,+1.82%
SBIN,2024-05-09,03/2024,23.20,23.19,590.22B,590.24B,+0.04%,-0%,+0.81%
SBIN,2024-02-03,12/2023,10.30,10.27,512.75B,512.77B,+0.29%,-0%,-1.03%
SBIN,2023-11-04,09/2023,16.10,16.08,502.91B,502.92B,+0.12%,-0%,-0.66%
SBIN,2023-08-04,06/2023,18.90,18.92,509.68B,509.71B,-0.11%,-0.01%,-3.83%
SBIN,2023-05-17,03/2023,18.70,18.71,543.54B,1.07T,-0.05%,-49.16%,-2.06%
SBIN,2023-02-03,12/2022,15.90,15.92,495.36B,495.35B,-0.13%,+0%,+3.28%
KOTAKBANK,2026-10-19,09/2026,--,--,--,--,--,--,--
KOTAKBANK,2026-07-18,06/2026,4.10,4.06,112.67B,111.02B,+0.99%,+1.49%,-2.03%
KOTAKBANK,2026-05-02,03/2026,4.00,3.53,109.92B,111.14B,+13.31%,-1.1%,-3.04%
KOTAKBANK,2026-01-24,12/2025,3.50,3.40,104.02B,104.35B,+2.94%,-0.32%,-3.33%
KOTAKBANK,2025-10-25,09/2025,3.28,16.30,99.00B,94.96B,-79.88%,+4.25%,-1.76%
KOTAKBANK,2025-07-26,06/2025,3.30,17.16,103.39B,98.02B,-80.77%,+5.48%,-7.44%
KOTAKBANK,2025-05-03,03/2025,3.58,23.23,104.66B,105.35B,-84.59%,-0.65%,-4.59%
KOTAKBANK,2025-01-18,12/2024,3.32,17.89,98.19B,101.19B,-81.44%,-2.96%,+9.21%
KOTAKBANK,2024-10-19,09/2024,3.36,17.27,97.04B,88.57B,-80.54%,+9.56%,-4.37%
KOTAKBANK,2024-07-20,06/2024,6.28,31.34,97.71B,94.05B,-79.96%,+3.89%,-3.52%
KOTAKBANK,2024-05-04,03/2024,4.16,21.21,98.88B,97.60B,-80.39%,+1.31%,+5.02%
KOTAKBANK,2024-01-20,12/2023,3.02,15.08,88.51B,88.53B,-79.97%,-0.02%,+1.14%
KOTAKBANK,2023-10-21,09/2023,3.21,16.06,86.11B,86.10B,-80.01%,+0.01%,-1.63%
KOTAKBANK,2023-07-22,06/2023,3.48,17.33,89.17B,89.17B,-79.92%,0%,-3.7%
KOTAKBANK,2023-04-29,03/2023,3.48,17.44,82.89B,82.89B,-80.05%,0%,-0.87%
KOTAKBANK,2023-01-21,12/2022,2.81,13.98,77.53B,77.43B,-79.9%,+0.13%,+1.18%
